文本内容,识别结果,风险原因
0,通过,NA
1,通过,NA
2,通过,NA
3,通过,NA
4,通过,NA
5,拒绝,存在政治敏感不合规
6,拒绝,存在政治敏感不合规
7,通过,NA
8,通过,NA
9,通过,NA
10,通过,NA
11,通过,NA
12,通过,NA
13,通过,NA
14,通过,NA
15,拒绝,存在恶意推广不合规
16,拒绝,存在恶意推广不合规
17,通过,NA
18,拒绝,存在文本色情不合规
19,通过,NA
20,通过,NA
21,拒绝,存在政治敏感不合规
22,通过,NA
23,通过,NA
24,通过,NA
25,通过,NA
26,通过,NA
27,拒绝,存在政治敏感不合规
28,通过,NA
29,通过,NA
30,通过,NA
31,通过,NA
32,通过,NA
33,通过,NA
34,通过,NA
35,通过,NA
36,通过,NA
37,通过,NA
38,通过,NA
39,通过,NA
40,通过,NA
41,通过,NA
42,通过,NA
43,通过,NA
44,拒绝,存在政治敏感不合规
45,通过,NA
46,通过,NA
47,通过,NA
48,通过,NA
49,通过,NA
50,通过,NA
51,通过,NA
52,通过,NA
53,通过,NA
54,拒绝,存在政治敏感不合规
55,通过,NA
56,通过,NA
57,拒绝,存在政治敏感不合规
58,通过,NA
59,拒绝,存在暴恐违禁不合规
60,通过,NA
61,通过,NA
62,拒绝,存在政治敏感不合规
63,通过,NA
64,通过,NA
65,通过,NA
66,拒绝,存在政治敏感不合规
67,通过,NA
68,通过,NA
69,拒绝,疑似存在政治敏感不合规
70,通过,NA
71,通过,NA
72,通过,NA
73,通过,NA
74,通过,NA
75,通过,NA
76,通过,NA
77,通过,NA
78,通过,NA
79,通过,NA
80,通过,NA
81,通过,NA
82,通过,NA
83,拒绝,疑似存在政治敏感不合规
84,拒绝,存在政治敏感不合规
85,通过,NA
86,通过,NA
87,拒绝,存在政治敏感不合规
88,通过,NA
89,通过,NA
90,通过,NA
91,拒绝,存在政治敏感不合规
92,通过,NA
93,拒绝,疑似存在政治敏感不合规
94,通过,NA
95,通过,NA
96,通过,NA
97,通过,NA
98,通过,NA
99,拒绝,存在政治敏感不合规
100,通过,NA
101,通过,NA
102,通过,NA
103,拒绝,存在政治敏感不合规
104,通过,NA
105,通过,NA
106,通过,NA
107,通过,NA
108,通过,NA
109,通过,NA
110,通过,NA
111,通过,NA
112,拒绝,存在政治敏感不合规
113,通过,NA
114,拒绝,存在政治敏感不合规
115,拒绝,存在暴恐违禁不合规;存在恶意推广不合规
116,通过,NA
117,通过,NA
118,拒绝,疑似存在政治敏感不合规
119,通过,NA
120,通过,NA
121,拒绝,存在恶意推广不合规
122,通过,NA
123,通过,NA
124,通过,NA
125,通过,NA
126,拒绝,存在政治敏感不合规
127,通过,NA
128,通过,NA
129,通过,NA
130,通过,NA
131,通过,NA
132,通过,NA
133,拒绝,存在政治敏感不合规
134,通过,NA
135,通过,NA
136,通过,NA
137,通过,NA
138,通过,NA
139,通过,NA
140,通过,NA
141,通过,NA
142,通过,NA
143,通过,NA
144,通过,NA
145,通过,NA
146,通过,NA
147,通过,NA
148,通过,NA
149,拒绝,存在政治敏感不合规
150,拒绝,存在政治敏感不合规
151,通过,NA
152,通过,NA
153,拒绝,存在政治敏感不合规
154,通过,NA
155,通过,NA
156,通过,NA
157,通过,NA
158,通过,NA
159,通过,NA
160,拒绝,存在政治敏感不合规
161,通过,NA
162,通过,NA
163,通过,NA
164,通过,NA
165,通过,NA
166,通过,NA
167,拒绝,存在恶意推广不合规
168,通过,NA
169,拒绝,存在政治敏感不合规
170,通过,NA
171,拒绝,疑似存在政治敏感不合规
172,拒绝,疑似存在政治敏感不合规
173,通过,NA
174,通过,NA
175,拒绝,存在恶意推广不合规
176,拒绝,存在政治敏感不合规
177,通过,NA
178,通过,NA
179,通过,NA
180,通过,NA
181,拒绝,存在政治敏感不合规
182,通过,NA
183,拒绝,存在恶意推广不合规
184,通过,NA
185,通过,NA
186,拒绝,存在政治敏感不合规
187,拒绝,疑似存在政治敏感不合规
188,通过,NA
189,拒绝,存在百度官方默认违禁词库不合规
190,通过,NA
191,通过,NA
192,通过,NA
193,通过,NA
194,拒绝,疑似存在政治敏感不合规
195,通过,NA
196,通过,NA
197,通过,NA
198,拒绝,存在政治敏感不合规
199,通过,NA
200,通过,NA
201,通过,NA
202,通过,NA
203,拒绝,存在政治敏感不合规
204,通过,NA
205,通过,NA
206,通过,NA
207,通过,NA
208,通过,NA
209,通过,NA
210,拒绝,存在文本色情不合规
211,通过,NA
212,通过,NA
213,拒绝,疑似存在政治敏感不合规
214,通过,NA
215,通过,NA
216,通过,NA
217,通过,NA
218,通过,NA
219,通过,NA
220,通过,NA
221,通过,NA
222,通过,NA
223,通过,NA
224,通过,NA
225,通过,NA
226,通过,NA
227,通过,NA
228,通过,NA
229,拒绝,存在政治敏感不合规
230,通过,NA
231,拒绝,存在恶意推广不合规
232,通过,NA
233,拒绝,存在恶意推广不合规
234,通过,NA
235,通过,NA
236,通过,NA
237,通过,NA
238,通过,NA
239,通过,NA
240,拒绝,存在政治敏感不合规
241,通过,NA
242,通过,NA
243,通过,NA
244,通过,NA
245,拒绝,存在政治敏感不合规
246,通过,NA
247,通过,NA
248,拒绝,疑似存在政治敏感不合规
249,通过,NA
250,通过,NA
251,通过,NA
252,拒绝,疑似存在政治敏感不合规
253,通过,NA
254,通过,NA
255,通过,NA
256,拒绝,存在政治敏感不合规
257,通过,NA
258,拒绝,存在政治敏感不合规
259,通过,NA
260,通过,NA
261,拒绝,存在暴恐违禁不合规
262,通过,NA
263,通过,NA
264,通过,NA
265,拒绝,存在政治敏感不合规
266,通过,NA
267,通过,NA
268,通过,NA
269,通过,NA
270,通过,NA
271,通过,NA
272,拒绝,存在政治敏感不合规
273,通过,NA
274,通过,NA
275,通过,NA
276,拒绝,存在文本色情不合规
277,拒绝,存在政治敏感不合规
278,拒绝,存在政治敏感不合规
279,通过,NA
280,通过,NA
281,通过,NA
282,通过,NA
283,通过,NA
284,通过,NA
285,通过,NA
286,通过,NA
287,通过,NA
288,通过,NA
289,拒绝,存在恶意推广不合规
290,通过,NA
291,通过,NA
292,通过,NA
293,通过,NA
294,拒绝,存在恶意推广不合规
295,通过,NA
296,通过,NA
297,通过,NA
298,通过,NA
299,拒绝,存在恶意推广不合规
300,通过,NA
301,通过,NA
302,通过,NA
303,通过,NA
304,通过,NA
305,通过,NA
306,通过,NA
307,通过,NA
308,通过,NA
309,通过,NA
310,通过,NA
311,通过,NA
312,拒绝,疑似存在政治敏感不合规
313,通过,NA
314,通过,NA
315,通过,NA
316,通过,NA
317,通过,NA
318,通过,NA
319,通过,NA
320,拒绝,存在恶意推广不合规
321,通过,NA
322,通过,NA
323,通过,NA
324,通过,NA
325,通过,NA
326,通过,NA
327,通过,NA
328,拒绝,存在政治敏感不合规
329,通过,NA
330,通过,NA
331,通过,NA
332,拒绝,存在恶意推广不合规
333,通过,NA
334,通过,NA
335,通过,NA
336,拒绝,存在政治敏感不合规
337,通过,NA
338,拒绝,疑似存在政治敏感不合规
339,通过,NA
340,拒绝,存在政治敏感不合规
341,通过,NA
342,拒绝,存在政治敏感不合规
343,通过,NA
344,通过,NA
345,通过,NA
346,拒绝,存在恶意推广不合规
347,通过,NA
348,拒绝,存在政治敏感不合规
349,通过,NA
350,通过,NA
351,通过,NA
352,拒绝,存在政治敏感不合规
353,通过,NA
354,通过,NA
355,通过,NA
356,通过,NA
357,通过,NA
358,拒绝,存在政治敏感不合规
359,拒绝,存在政治敏感不合规
360,通过,NA
361,通过,NA
362,拒绝,存在政治敏感不合规
363,通过,NA
364,拒绝,疑似存在政治敏感不合规
365,通过,NA
366,通过,NA
367,通过,NA
368,通过,NA
369,通过,NA
370,通过,NA
371,通过,NA
372,通过,NA
373,通过,NA
374,通过,NA
375,通过,NA
376,通过,NA
377,通过,NA
378,通过,NA
379,通过,NA
380,通过,NA
381,通过,NA
382,通过,NA
383,通过,NA
384,拒绝,存在暴恐违禁不合规
385,通过,NA
386,通过,NA
387,通过,NA
388,通过,NA
389,拒绝,疑似存在政治敏感不合规
390,通过,NA
391,通过,NA
392,通过,NA
393,通过,NA
394,通过,NA
395,通过,NA
396,通过,NA
397,拒绝,疑似存在政治敏感不合规
398,拒绝,存在政治敏感不合规
399,通过,NA
400,通过,NA
401,通过,NA
402,通过,NA
403,通过,NA
404,通过,NA
405,通过,NA
406,通过,NA
407,拒绝,存在政治敏感不合规
408,拒绝,存在政治敏感不合规
409,拒绝,存在政治敏感不合规
410,通过,NA
411,通过,NA
412,通过,NA
413,通过,NA
414,通过,NA
415,通过,NA
416,通过,NA
417,通过,NA
418,拒绝,存在政治敏感不合规
419,通过,NA
420,通过,NA
421,通过,NA
422,通过,NA
423,通过,NA
424,通过,NA
425,通过,NA
426,通过,NA
427,通过,NA
428,通过,NA
429,通过,NA
430,拒绝,疑似存在政治敏感不合规
431,通过,NA
432,拒绝,存在文本色情不合规
433,通过,NA
434,通过,NA
435,通过,NA
436,通过,NA
437,拒绝,疑似存在政治敏感不合规
438,通过,NA
439,通过,NA
440,通过,NA
441,通过,NA
442,通过,NA
443,通过,NA
444,拒绝,疑似存在政治敏感不合规
445,通过,NA
446,通过,NA
447,通过,NA
448,拒绝,存在政治敏感不合规
449,通过,NA
450,通过,NA
451,拒绝,疑似存在政治敏感不合规
452,通过,NA
453,通过,NA
454,拒绝,存在政治敏感不合规
455,通过,NA
456,通过,NA
457,通过,NA
458,通过,NA
459,通过,NA
460,通过,NA
461,通过,NA
462,通过,NA
463,通过,NA
464,通过,NA
465,拒绝,存在政治敏感不合规
466,拒绝,存在政治敏感不合规
467,通过,NA
468,通过,NA
469,通过,NA
470,通过,NA
471,通过,NA
472,通过,NA
473,拒绝,存在恶意推广不合规
474,通过,NA
475,通过,NA
476,通过,NA
477,通过,NA
478,通过,NA
479,通过,NA
480,通过,NA
481,通过,NA
482,通过,NA
483,拒绝,存在政治敏感不合规
484,通过,NA
485,拒绝,存在政治敏感不合规
486,通过,NA
487,拒绝,疑似存在政治敏感不合规
488,通过,NA
489,通过,NA
490,通过,NA
491,通过,NA
492,通过,NA
493,通过,NA
494,通过,NA
495,拒绝,存在恶意推广不合规
496,拒绝,存在政治敏感不合规
497,通过,NA
498,通过,NA
499,通过,NA
500,通过,NA
501,通过,NA
502,通过,NA
503,通过,NA
504,通过,NA
505,通过,NA
506,通过,NA
507,通过,NA
508,通过,NA
509,通过,NA
510,通过,NA
511,通过,NA
512,拒绝,存在政治敏感不合规
513,通过,NA
514,通过,NA
515,通过,NA
516,通过,NA
517,通过,NA
518,通过,NA
519,通过,NA
520,通过,NA
521,拒绝,存在政治敏感不合规
522,拒绝,存在政治敏感不合规
523,通过,NA
524,通过,NA
525,通过,NA
526,通过,NA
527,通过,NA
528,通过,NA
529,通过,NA
530,通过,NA
531,通过,NA
532,通过,NA
533,通过,NA
534,通过,NA
535,通过,NA
536,通过,NA
537,拒绝,疑似存在政治敏感不合规
538,通过,NA
539,通过,NA
540,通过,NA
541,拒绝,存在文本色情不合规
542,通过,NA
543,拒绝,存在政治敏感不合规
544,通过,NA
545,拒绝,存在政治敏感不合规
546,通过,NA
547,通过,NA
548,拒绝,存在恶意推广不合规
549,拒绝,存在政治敏感不合规
550,拒绝,存在政治敏感不合规
551,拒绝,存在政治敏感不合规
552,通过,NA
553,拒绝,存在政治敏感不合规
554,通过,NA
555,通过,NA
556,通过,NA
557,拒绝,疑似存在政治敏感不合规
558,通过,NA
559,通过,NA
560,通过,NA
561,通过,NA
562,通过,NA
563,通过,NA
564,通过,NA
565,拒绝,存在政治敏感不合规
566,通过,NA
567,通过,NA
568,通过,NA
569,通过,NA
570,拒绝,存在文本色情不合规
571,拒绝,存在政治敏感不合规
572,通过,NA
573,通过,NA
574,通过,NA
575,通过,NA
576,通过,NA
577,通过,NA
578,通过,NA
579,通过,NA
580,通过,NA
581,通过,NA
582,拒绝,存在政治敏感不合规
583,通过,NA
584,通过,NA
585,拒绝,存在政治敏感不合规
586,拒绝,疑似存在政治敏感不合规
587,通过,NA
588,拒绝,存在政治敏感不合规
589,拒绝,存在政治敏感不合规
590,通过,NA
591,拒绝,存在政治敏感不合规
592,通过,NA
593,通过,NA
594,通过,NA
595,通过,NA
596,拒绝,存在恶意推广不合规
597,通过,NA
598,通过,NA
599,通过,NA
600,通过,NA
601,通过,NA
602,通过,NA
603,拒绝,存在政治敏感不合规
604,通过,NA
605,拒绝,存在政治敏感不合规
606,通过,NA
607,拒绝,存在政治敏感不合规
608,通过,NA
609,通过,NA
610,拒绝,存在恶意推广不合规
611,通过,NA
612,拒绝,存在文本色情不合规
613,拒绝,存在恶意推广不合规
614,通过,NA
615,通过,NA
616,拒绝,疑似存在政治敏感不合规
617,通过,NA
618,通过,NA
619,通过,NA
620,通过,NA
621,拒绝,存在文本色情不合规
622,通过,NA
623,通过,NA
624,通过,NA
625,通过,NA
626,拒绝,存在恶意推广不合规
627,通过,NA
628,拒绝,存在政治敏感不合规
629,通过,NA
630,通过,NA
631,通过,NA
632,通过,NA
633,通过,NA
634,通过,NA
635,通过,NA
636,通过,NA
637,通过,NA
638,拒绝,存在政治敏感不合规
639,通过,NA
640,通过,NA
641,通过,NA
642,通过,NA
643,拒绝,存在政治敏感不合规
644,拒绝,疑似存在政治敏感不合规
645,通过,NA
646,通过,NA
647,拒绝,存在政治敏感不合规
648,通过,NA
649,拒绝,存在恶意推广不合规
650,通过,NA
651,通过,NA
652,通过,NA
653,通过,NA
654,拒绝,存在暴恐违禁不合规
655,通过,NA
656,通过,NA
657,通过,NA
658,通过,NA
659,通过,NA
660,通过,NA
661,通过,NA
662,通过,NA
663,拒绝,存在恶意推广不合规
664,通过,NA
665,通过,NA
666,通过,NA
667,通过,NA
668,通过,NA
669,拒绝,存在政治敏感不合规
670,通过,NA
671,拒绝,存在政治敏感不合规
672,通过,NA
673,通过,NA
674,通过,NA
675,通过,NA
676,拒绝,疑似存在政治敏感不合规
677,通过,NA
678,通过,NA
679,拒绝,存在政治敏感不合规
680,通过,NA
681,拒绝,存在恶意推广不合规
682,通过,NA
683,通过,NA
684,通过,NA
685,通过,NA
686,通过,NA
687,通过,NA
688,拒绝,存在政治敏感不合规
689,拒绝,存在政治敏感不合规
690,通过,NA
691,拒绝,存在政治敏感不合规
692,通过,NA
693,通过,NA
694,通过,NA
695,通过,NA
696,通过,NA
697,通过,NA
698,通过,NA
699,通过,NA
700,拒绝,疑似存在政治敏感不合规
701,通过,NA
702,通过,NA
703,通过,NA
704,通过,NA
705,通过,NA
706,通过,NA
707,通过,NA
708,通过,NA
709,通过,NA
710,通过,NA
711,通过,NA
712,通过,NA
713,通过,NA
714,通过,NA
715,拒绝,疑似存在政治敏感不合规
716,通过,NA
717,通过,NA
718,拒绝,存在政治敏感不合规
719,通过,NA
720,通过,NA
721,通过,NA
722,通过,NA
723,通过,NA
724,拒绝,疑似存在政治敏感不合规
725,通过,NA
726,通过,NA
727,通过,NA
728,通过,NA
729,通过,NA
730,通过,NA
731,通过,NA
732,通过,NA
733,通过,NA
734,通过,NA
735,通过,NA
736,拒绝,存在恶意推广不合规
737,拒绝,疑似存在政治敏感不合规
738,通过,NA
739,通过,NA
740,通过,NA
741,通过,NA
742,拒绝,疑似存在政治敏感不合规
743,通过,NA
744,通过,NA
745,通过,NA
746,拒绝,存在政治敏感不合规
747,拒绝,疑似存在政治敏感不合规
748,通过,NA
749,通过,NA
750,通过,NA
751,通过,NA
752,拒绝,存在政治敏感不合规
753,通过,NA
754,通过,NA
755,通过,NA
756,通过,NA
757,通过,NA
758,通过,NA
759,通过,NA
760,通过,NA
761,拒绝,疑似存在政治敏感不合规
762,通过,NA
763,通过,NA
764,拒绝,疑似存在政治敏感不合规
765,通过,NA
766,通过,NA
767,通过,NA
768,拒绝,疑似存在政治敏感不合规
769,拒绝,存在政治敏感不合规
770,通过,NA
771,通过,NA
772,通过,NA
773,通过,NA
774,拒绝,存在文本色情不合规
775,通过,NA
776,通过,NA
777,通过,NA
778,通过,NA
779,通过,NA
780,通过,NA
781,通过,NA
782,通过,NA
783,通过,NA
784,通过,NA
785,通过,NA
786,通过,NA
787,通过,NA
788,通过,NA
789,通过,NA
790,拒绝,存在政治敏感不合规
791,通过,NA
792,通过,NA
793,拒绝,存在百度官方默认违禁词库不合规;存在政治敏感不合规
794,通过,NA
795,通过,NA
796,通过,NA
797,通过,NA
798,通过,NA
799,拒绝,疑似存在政治敏感不合规
800,拒绝,存在政治敏感不合规
801,通过,NA
802,通过,NA
803,拒绝,存在恶意推广不合规
804,通过,NA
805,拒绝,存在政治敏感不合规
806,通过,NA
807,拒绝,存在政治敏感不合规
808,通过,NA
809,通过,NA
810,通过,NA
811,拒绝,存在政治敏感不合规
812,通过,NA
813,通过,NA
814,通过,NA
815,拒绝,存在恶意推广不合规
816,通过,NA
817,通过,NA
818,通过,NA
819,通过,NA
820,通过,NA
821,通过,NA
822,通过,NA
823,通过,NA
824,通过,NA
825,通过,NA
826,拒绝,存在政治敏感不合规
827,通过,NA
828,通过,NA
829,通过,NA
830,通过,NA
831,通过,NA
832,通过,NA
833,通过,NA
834,通过,NA
835,通过,NA
836,拒绝,疑似存在政治敏感不合规
837,通过,NA
838,通过,NA
839,通过,NA
840,通过,NA
841,拒绝,存在政治敏感不合规
842,通过,NA
843,拒绝,存在政治敏感不合规
844,拒绝,存在政治敏感不合规
845,通过,NA
846,拒绝,存在政治敏感不合规
847,通过,NA
848,通过,NA
849,通过,NA
850,通过,NA
851,通过,NA
852,通过,NA
853,通过,NA
854,拒绝,存在暴恐违禁不合规
855,通过,NA
856,拒绝,存在政治敏感不合规
857,拒绝,存在政治敏感不合规
858,通过,NA
859,通过,NA
860,通过,NA
861,通过,NA
862,通过,NA
863,通过,NA
864,通过,NA
865,通过,NA
866,通过,NA
867,通过,NA
868,拒绝,疑似存在政治敏感不合规
869,通过,NA
870,拒绝,疑似存在政治敏感不合规
871,通过,NA
872,拒绝,存在文本色情不合规
873,通过,NA
874,通过,NA
875,通过,NA
876,拒绝,疑似存在政治敏感不合规
877,通过,NA
878,通过,NA
879,拒绝,疑似存在政治敏感不合规
880,通过,NA
881,通过,NA
882,拒绝,疑似存在政治敏感不合规
883,通过,NA
884,通过,NA
885,通过,NA
886,通过,NA
887,通过,NA
888,通过,NA
889,通过,NA
890,拒绝,存在政治敏感不合规
891,通过,NA
892,通过,NA
893,拒绝,存在政治敏感不合规
894,通过,NA
895,通过,NA
896,通过,NA
897,通过,NA
898,通过,NA
899,通过,NA
900,通过,NA
901,通过,NA
902,通过,NA
903,拒绝,疑似存在政治敏感不合规
904,通过,NA
905,通过,NA
906,通过,NA
907,通过,NA
908,通过,NA
909,拒绝,疑似存在政治敏感不合规
910,拒绝,疑似存在政治敏感不合规
911,通过,NA
912,通过,NA
913,通过,NA
914,通过,NA
915,通过,NA
916,拒绝,疑似存在政治敏感不合规
917,通过,NA
918,通过,NA
919,拒绝,存在恶意推广不合规
920,拒绝,存在恶意推广不合规
921,拒绝,存在恶意推广不合规
922,通过,NA
923,拒绝,存在政治敏感不合规
924,通过,NA
925,拒绝,疑似存在政治敏感不合规
926,通过,NA
927,通过,NA
928,通过,NA
929,通过,NA
930,通过,NA
931,拒绝,存在政治敏感不合规
932,拒绝,存在恶意推广不合规
933,通过,NA
934,通过,NA
935,通过,NA
936,拒绝,存在政治敏感不合规
937,通过,NA
938,通过,NA
939,拒绝,存在恶意推广不合规
940,通过,NA
941,拒绝,存在政治敏感不合规
942,拒绝,疑似存在政治敏感不合规
943,拒绝,存在政治敏感不合规
944,通过,NA
945,拒绝,存在百度官方默认违禁词库不合规;存在政治敏感不合规
946,拒绝,疑似存在政治敏感不合规
947,通过,NA
948,通过,NA
949,通过,NA
950,通过,NA
951,通过,NA
952,通过,NA
953,拒绝,存在政治敏感不合规
954,拒绝,存在政治敏感不合规
955,通过,NA
956,通过,NA
957,通过,NA
958,通过,NA
959,通过,NA
960,通过,NA
961,通过,NA
962,通过,NA
963,通过,NA
964,通过,NA
965,通过,NA
966,通过,NA
967,通过,NA
968,通过,NA
969,通过,NA
970,通过,NA
971,通过,NA
972,拒绝,疑似存在政治敏感不合规
973,通过,NA
974,拒绝,存在政治敏感不合规
975,通过,NA
976,通过,NA
977,拒绝,存在政治敏感不合规
978,通过,NA
979,通过,NA
980,通过,NA
981,通过,NA
982,通过,NA
983,通过,NA
984,通过,NA
985,通过,NA
986,通过,NA
987,拒绝,疑似存在政治敏感不合规
988,通过,NA
989,通过,NA
990,通过,NA
991,通过,NA
992,通过,NA
993,通过,NA
994,通过,NA
995,拒绝,存在政治敏感不合规
996,通过,NA
997,通过,NA
998,拒绝,存在文本色情不合规
999,拒绝,存在政治敏感不合规
1000,通过,NA
1001,通过,NA
1002,通过,NA
1003,拒绝,存在政治敏感不合规
1004,通过,NA
1005,通过,NA
1006,拒绝,存在政治敏感不合规
1007,拒绝,疑似存在政治敏感不合规
1008,通过,NA
1009,通过,NA
1010,通过,NA
1011,通过,NA
1012,通过,NA
1013,通过,NA
1014,拒绝,存在政治敏感不合规
1015,通过,NA
1016,拒绝,存在政治敏感不合规
1017,通过,NA
1018,通过,NA
1019,通过,NA
1020,通过,NA
1021,通过,NA
1022,通过,NA
1023,通过,NA
1024,通过,NA
1025,通过,NA
1026,通过,NA
1027,通过,NA
1028,通过,NA
1029,通过,NA
1030,拒绝,存在政治敏感不合规
1031,通过,NA
1032,拒绝,存在文本色情不合规
1033,通过,NA
1034,通过,NA
1035,拒绝,疑似存在政治敏感不合规
1036,拒绝,存在政治敏感不合规
1037,通过,NA
1038,通过,NA
1039,通过,NA
1040,通过,NA
1041,通过,NA
1042,拒绝,疑似存在政治敏感不合规
1043,通过,NA
1044,拒绝,疑似存在政治敏感不合规
1045,拒绝,存在政治敏感不合规
1046,通过,NA
1047,拒绝,存在政治敏感不合规
1048,拒绝,存在政治敏感不合规
1049,拒绝,疑似存在政治敏感不合规
1050,通过,NA
1051,通过,NA
1052,通过,NA
1053,通过,NA
1054,通过,NA
1055,通过,NA
1056,通过,NA
1057,通过,NA
1058,通过,NA
1059,通过,NA
1060,通过,NA
1061,拒绝,存在政治敏感不合规
1062,通过,NA
1063,通过,NA
1064,通过,NA
1065,通过,NA
1066,通过,NA
1067,拒绝,存在政治敏感不合规
1068,通过,NA
1069,通过,NA
1070,通过,NA
1071,通过,NA
1072,通过,NA
1073,通过,NA
1074,通过,NA
1075,拒绝,疑似存在政治敏感不合规
1076,通过,NA
1077,通过,NA
1078,拒绝,存在政治敏感不合规
1079,通过,NA
1080,通过,NA
1081,通过,NA
1082,通过,NA
1083,通过,NA
1084,拒绝,存在政治敏感不合规
1085,通过,NA
1086,通过,NA
1087,通过,NA
1088,通过,NA
1089,拒绝,疑似存在政治敏感不合规
1090,通过,NA
1091,通过,NA
1092,通过,NA
1093,通过,NA
1094,拒绝,存在政治敏感不合规
1095,拒绝,存在恶意推广不合规
1096,通过,NA
1097,通过,NA
1098,拒绝,存在政治敏感不合规
1099,通过,NA
1100,通过,NA
1101,通过,NA
1102,通过,NA
1103,拒绝,存在政治敏感不合规
1104,通过,NA
1105,通过,NA
1106,通过,NA
1107,通过,NA
1108,通过,NA
1109,通过,NA
1110,通过,NA
1111,通过,NA
1112,通过,NA
1113,通过,NA
1114,通过,NA
1115,通过,NA
1116,通过,NA
1117,通过,NA
1118,通过,NA
1119,通过,NA
1120,通过,NA
1121,通过,NA
1122,通过,NA
1123,通过,NA
1124,通过,NA
1125,通过,NA
1126,通过,NA
1127,通过,NA
1128,通过,NA
1129,通过,NA
1130,拒绝,存在文本色情不合规
1131,通过,NA
1132,通过,NA
1133,拒绝,存在政治敏感不合规
1134,拒绝,存在恶意推广不合规
1135,通过,NA
1136,通过,NA
1137,通过,NA
1138,通过,NA
1139,拒绝,存在恶意推广不合规
1140,拒绝,存在政治敏感不合规
1141,拒绝,存在恶意推广不合规
1142,通过,NA
1143,通过,NA
1144,拒绝,存在政治敏感不合规
1145,通过,NA
1146,通过,NA
1147,通过,NA
1148,通过,NA
1149,通过,NA
1150,通过,NA
1151,通过,NA
1152,通过,NA
1153,通过,NA
1154,通过,NA
1155,通过,NA
1156,拒绝,存在暴恐违禁不合规;存在恶意推广不合规
1157,通过,NA
1158,通过,NA
1159,通过,NA
1160,通过,NA
1161,拒绝,存在政治敏感不合规
1162,通过,NA
1163,通过,NA
1164,通过,NA
1165,通过,NA
1166,通过,NA
1167,通过,NA
1168,通过,NA
1169,通过,NA
1170,通过,NA
1171,通过,NA
1172,拒绝,存在政治敏感不合规
1173,通过,NA
1174,通过,NA
1175,通过,NA
1176,拒绝,存在政治敏感不合规
1177,通过,NA
1178,通过,NA
1179,拒绝,存在百度官方默认违禁词库不合规
1180,通过,NA
1181,通过,NA
1182,通过,NA
1183,通过,NA
1184,通过,NA
1185,通过,NA
1186,拒绝,存在政治敏感不合规
1187,通过,NA
1188,通过,NA
1189,通过,NA
1190,通过,NA
1191,拒绝,存在政治敏感不合规
1192,通过,NA
1193,通过,NA
1194,通过,NA
1195,通过,NA
1196,通过,NA
1197,通过,NA
1198,通过,NA
1199,拒绝,存在政治敏感不合规
1200,通过,NA
1201,通过,NA
1202,通过,NA
1203,拒绝,存在政治敏感不合规
1204,通过,NA
1205,通过,NA
1206,通过,NA
1207,通过,NA
1208,通过,NA
1209,通过,NA
1210,拒绝,存在暴恐违禁不合规;存在政治敏感不合规
1211,拒绝,存在政治敏感不合规
1212,通过,NA
1213,通过,NA
1214,通过,NA
1215,通过,NA
1216,通过,NA
1217,拒绝,存在恶意推广不合规
1218,通过,NA
1219,通过,NA
1220,通过,NA
1221,通过,NA
1222,通过,NA
1223,通过,NA
1224,通过,NA
1225,通过,NA
1226,通过,NA
1227,通过,NA
1228,通过,NA
1229,拒绝,存在恶意推广不合规
1230,通过,NA
1231,通过,NA
1232,通过,NA
1233,通过,NA
1234,通过,NA
1235,通过,NA
1236,拒绝,存在政治敏感不合规
1237,通过,NA
1238,通过,NA
1239,通过,NA
1240,通过,NA
1241,通过,NA
1242,通过,NA
1243,拒绝,存在政治敏感不合规
1244,通过,NA
1245,通过,NA
1246,通过,NA
1247,拒绝,存在政治敏感不合规
1248,通过,NA
1249,通过,NA
1250,拒绝,疑似存在政治敏感不合规
1251,通过,NA
1252,通过,NA
1253,通过,NA
1254,通过,NA
1255,拒绝,存在政治敏感不合规
1256,通过,NA
1257,拒绝,存在政治敏感不合规
1258,通过,NA
1259,通过,NA
1260,通过,NA
1261,通过,NA
1262,通过,NA
1263,通过,NA
1264,通过,NA
1265,通过,NA
1266,通过,NA
1267,通过,NA
1268,通过,NA
1269,拒绝,疑似存在政治敏感不合规
1270,通过,NA
1271,通过,NA
1272,通过,NA
1273,通过,NA
1274,通过,NA
1275,通过,NA
1276,通过,NA
1277,通过,NA
1278,拒绝,存在政治敏感不合规
1279,通过,NA
1280,拒绝,存在政治敏感不合规
1281,通过,NA
1282,通过,NA
1283,通过,NA
1284,通过,NA
1285,通过,NA
1286,通过,NA
1287,拒绝,疑似存在政治敏感不合规
1288,通过,NA
1289,拒绝,存在政治敏感不合规
1290,通过,NA
1291,通过,NA
1292,通过,NA
1293,通过,NA
1294,通过,NA
1295,通过,NA
1296,通过,NA
1297,拒绝,疑似存在政治敏感不合规
1298,通过,NA
1299,拒绝,存在政治敏感不合规
1300,拒绝,存在政治敏感不合规
1301,通过,NA
1302,拒绝,存在政治敏感不合规
1303,拒绝,存在政治敏感不合规
1304,拒绝,存在政治敏感不合规
1305,通过,NA
1306,拒绝,存在政治敏感不合规
1307,通过,NA
1308,通过,NA
1309,通过,NA
1310,通过,NA
1311,通过,NA
1312,通过,NA
1313,通过,NA
1314,通过,NA
1315,通过,NA
1316,通过,NA
1317,拒绝,存在政治敏感不合规
1318,通过,NA
1319,拒绝,存在恶意推广不合规
1320,通过,NA
1321,拒绝,存在政治敏感不合规
1322,拒绝,存在政治敏感不合规
1323,通过,NA
1324,通过,NA
1325,通过,NA
1326,拒绝,存在文本色情不合规
1327,通过,NA
1328,通过,NA
1329,通过,NA
1330,拒绝,存在政治敏感不合规
1331,通过,NA
1332,通过,NA
1333,通过,NA
1334,通过,NA
1335,通过,NA
1336,通过,NA
1337,通过,NA
1338,通过,NA
1339,通过,NA
1340,通过,NA
1341,通过,NA
1342,通过,NA
1343,通过,NA
1344,通过,NA
1345,通过,NA
1346,拒绝,存在政治敏感不合规
1347,通过,NA
1348,通过,NA
1349,通过,NA
1350,通过,NA
1351,通过,NA
1352,通过,NA
1353,通过,NA
1354,通过,NA
1355,拒绝,疑似存在政治敏感不合规
1356,通过,NA
1357,通过,NA
1358,通过,NA
1359,通过,NA
1360,通过,NA
1361,通过,NA
1362,通过,NA
1363,通过,NA
1364,通过,NA
1365,通过,NA
1366,拒绝,存在政治敏感不合规
1367,通过,NA
1368,通过,NA
1369,通过,NA
1370,拒绝,存在恶意推广不合规
1371,通过,NA
1372,通过,NA
1373,通过,NA
1374,拒绝,存在政治敏感不合规
1375,通过,NA
1376,通过,NA
1377,通过,NA
1378,通过,NA
1379,拒绝,存在政治敏感不合规
1380,通过,NA
1381,通过,NA
1382,拒绝,存在政治敏感不合规
1383,通过,NA
1384,通过,NA
1385,通过,NA
1386,通过,NA
1387,通过,NA
1388,通过,NA
1389,通过,NA
1390,通过,NA
1391,通过,NA
1392,通过,NA
1393,通过,NA
1394,拒绝,存在恶意推广不合规
1395,通过,NA
1396,通过,NA
1397,通过,NA
1398,通过,NA
1399,通过,NA
1400,通过,NA
1401,通过,NA
1402,通过,NA
1403,通过,NA
1404,通过,NA
1405,通过,NA
1406,拒绝,存在政治敏感不合规
1407,通过,NA
1408,通过,NA
1409,通过,NA
1410,通过,NA
1411,拒绝,存在政治敏感不合规
1412,通过,NA
1413,通过,NA
1414,通过,NA
1415,通过,NA
1416,通过,NA
1417,通过,NA
1418,通过,NA
1419,通过,NA
1420,通过,NA
1421,通过,NA
1422,通过,NA
1423,通过,NA
1424,通过,NA
1425,通过,NA
1426,通过,NA
1427,拒绝,存在政治敏感不合规
1428,拒绝,存在政治敏感不合规
1429,通过,NA
1430,通过,NA
1431,通过,NA
1432,通过,NA
1433,拒绝,存在政治敏感不合规
1434,拒绝,存在政治敏感不合规
1435,通过,NA
1436,通过,NA
1437,通过,NA
1438,通过,NA
1439,通过,NA
1440,拒绝,存在政治敏感不合规
1441,通过,NA
1442,通过,NA
1443,通过,NA
1444,通过,NA
1445,通过,NA
1446,拒绝,存在恶意推广不合规
1447,拒绝,存在政治敏感不合规
1448,通过,NA
1449,通过,NA
1450,通过,NA
1451,通过,NA
1452,通过,NA
1453,通过,NA
1454,通过,NA
1455,通过,NA
1456,通过,NA
1457,通过,NA
1458,拒绝,存在政治敏感不合规
1459,通过,NA
1460,通过,NA
1461,通过,NA
1462,通过,NA
1463,通过,NA
1464,通过,NA
1465,拒绝,疑似存在政治敏感不合规
1466,通过,NA
1467,通过,NA
1468,通过,NA
1469,通过,NA
1470,通过,NA
1471,通过,NA
1472,通过,NA
1473,通过,NA
1474,通过,NA
1475,通过,NA
1476,拒绝,疑似存在政治敏感不合规
1477,通过,NA
1478,通过,NA
1479,通过,NA
1480,通过,NA
1481,通过,NA
1482,通过,NA
1483,通过,NA
1484,拒绝,疑似存在政治敏感不合规
1485,通过,NA
1486,拒绝,存在政治敏感不合规
1487,通过,NA
1488,通过,NA
1489,通过,NA
1490,通过,NA
1491,通过,NA
1492,通过,NA
1493,通过,NA
1494,通过,NA
1495,拒绝,疑似存在文本色情不合规
1496,通过,NA
1497,通过,NA
1498,通过,NA
1499,通过,NA
1500,通过,NA
1501,通过,NA
1502,拒绝,存在政治敏感不合规
1503,拒绝,存在政治敏感不合规
1504,通过,NA
1505,通过,NA
1506,通过,NA
1507,拒绝,存在政治敏感不合规
1508,通过,NA
1509,通过,NA
1510,通过,NA
1511,拒绝,存在政治敏感不合规
1512,通过,NA
1513,通过,NA
1514,通过,NA
1515,通过,NA
1516,通过,NA
1517,通过,NA
1518,拒绝,疑似存在政治敏感不合规
1519,通过,NA
1520,通过,NA
1521,通过,NA
1522,通过,NA
1523,拒绝,存在政治敏感不合规
1524,通过,NA
1525,拒绝,存在政治敏感不合规
1526,通过,NA
1527,通过,NA
1528,通过,NA
1529,通过,NA
1530,拒绝,存在政治敏感不合规
1531,通过,NA
1532,通过,NA
1533,通过,NA
1534,拒绝,存在政治敏感不合规
1535,拒绝,存在政治敏感不合规
1536,通过,NA
1537,通过,NA
1538,通过,NA
1539,通过,NA
1540,通过,NA
1541,通过,NA
1542,拒绝,存在政治敏感不合规
1543,拒绝,存在恶意推广不合规
1544,拒绝,存在政治敏感不合规
1545,拒绝,疑似存在政治敏感不合规
1546,通过,NA
1547,通过,NA
1548,拒绝,存在政治敏感不合规
1549,通过,NA
1550,拒绝,存在政治敏感不合规
1551,通过,NA
1552,拒绝,存在政治敏感不合规
1553,通过,NA
1554,通过,NA
1555,拒绝,存在低俗辱骂不合规
1556,通过,NA
1557,通过,NA
1558,通过,NA
1559,通过,NA
1560,通过,NA
1561,拒绝,疑似存在政治敏感不合规
1562,通过,NA
1563,通过,NA
1564,通过,NA
1565,通过,NA
1566,拒绝,存在政治敏感不合规
1567,拒绝,疑似存在政治敏感不合规
1568,通过,NA
1569,通过,NA
1570,通过,NA
1571,通过,NA
1572,拒绝,存在政治敏感不合规
1573,拒绝,存在政治敏感不合规
1574,拒绝,存在政治敏感不合规
1575,通过,NA
1576,通过,NA
1577,通过,NA
1578,通过,NA
1579,通过,NA
1580,通过,NA
1581,通过,NA
1582,通过,NA
1583,拒绝,疑似存在政治敏感不合规
1584,拒绝,存在恶意推广不合规
1585,通过,NA
1586,拒绝,存在政治敏感不合规
1587,拒绝,存在政治敏感不合规
1588,通过,NA
1589,通过,NA
1590,通过,NA
1591,通过,NA
1592,通过,NA
1593,通过,NA
1594,通过,NA
1595,通过,NA
1596,通过,NA
1597,拒绝,存在政治敏感不合规
1598,通过,NA
1599,拒绝,存在恶意推广不合规
1600,通过,NA
1601,拒绝,存在政治敏感不合规
1602,通过,NA
1603,通过,NA
1604,通过,NA
1605,通过,NA
1606,通过,NA
1607,通过,NA
1608,通过,NA
1609,通过,NA
1610,通过,NA
1611,通过,NA
1612,通过,NA
1613,通过,NA
1614,通过,NA
1615,通过,NA
1616,通过,NA
1617,拒绝,存在政治敏感不合规
1618,通过,NA
1619,通过,NA
1620,通过,NA
1621,通过,NA
1622,通过,NA
1623,通过,NA
1624,通过,NA
1625,通过,NA
1626,通过,NA
1627,通过,NA
1628,通过,NA
1629,通过,NA
1630,拒绝,存在恶意推广不合规
1631,通过,NA
1632,通过,NA
1633,通过,NA
1634,拒绝,存在政治敏感不合规
1635,通过,NA
1636,通过,NA
1637,拒绝,存在政治敏感不合规
1638,拒绝,疑似存在政治敏感不合规
1639,通过,NA
1640,通过,NA
1641,拒绝,存在政治敏感不合规
1642,拒绝,存在政治敏感不合规
1643,通过,NA
1644,拒绝,疑似存在政治敏感不合规
1645,通过,NA
1646,通过,NA
1647,通过,NA
1648,通过,NA
1649,通过,NA
1650,通过,NA
1651,通过,NA
1652,通过,NA
1653,拒绝,存在政治敏感不合规
1654,拒绝,存在政治敏感不合规
1655,通过,NA
1656,拒绝,存在政治敏感不合规
1657,通过,NA
1658,通过,NA
1659,通过,NA
1660,通过,NA
1661,通过,NA
1662,通过,NA
1663,通过,NA
1664,通过,NA
1665,拒绝,存在恶意推广不合规
1666,拒绝,存在政治敏感不合规
1667,通过,NA
1668,通过,NA
1669,通过,NA
1670,拒绝,疑似存在政治敏感不合规
1671,通过,NA
1672,通过,NA
1673,通过,NA
1674,通过,NA
1675,通过,NA
1676,通过,NA
1677,拒绝,疑似存在政治敏感不合规
1678,通过,NA
1679,通过,NA
1680,通过,NA
1681,通过,NA
1682,通过,NA
1683,通过,NA
1684,拒绝,存在政治敏感不合规
1685,通过,NA
1686,拒绝,疑似存在政治敏感不合规
1687,通过,NA
1688,通过,NA
1689,通过,NA
1690,通过,NA
1691,通过,NA
1692,通过,NA
1693,通过,NA
1694,拒绝,存在政治敏感不合规
1695,通过,NA
1696,拒绝,存在政治敏感不合规
1697,拒绝,存在政治敏感不合规
1698,通过,NA
1699,拒绝,疑似存在政治敏感不合规
1700,通过,NA
1701,拒绝,存在恶意推广不合规
1702,通过,NA
1703,通过,NA
1704,拒绝,存在政治敏感不合规
1705,拒绝,存在政治敏感不合规
1706,通过,NA
1707,通过,NA
1708,拒绝,存在政治敏感不合规
1709,通过,NA
1710,通过,NA
1711,通过,NA
1712,通过,NA
1713,通过,NA
1714,通过,NA
1715,拒绝,存在政治敏感不合规
1716,通过,NA
1717,通过,NA
1718,通过,NA
1719,拒绝,存在政治敏感不合规
1720,拒绝,存在恶意推广不合规
1721,通过,NA
1722,通过,NA
1723,通过,NA
1724,通过,NA
1725,拒绝,存在政治敏感不合规
1726,通过,NA
1727,通过,NA
1728,通过,NA
1729,通过,NA
1730,拒绝,疑似存在政治敏感不合规
1731,通过,NA
1732,通过,NA
1733,拒绝,存在政治敏感不合规
1734,通过,NA
1735,拒绝,存在恶意推广不合规
1736,通过,NA
1737,通过,NA
1738,通过,NA
1739,通过,NA
1740,通过,NA
1741,通过,NA
1742,通过,NA
1743,通过,NA
1744,通过,NA
1745,拒绝,疑似存在政治敏感不合规
1746,拒绝,疑似存在政治敏感不合规
1747,拒绝,存在政治敏感不合规
1748,通过,NA
1749,拒绝,存在恶意推广不合规
1750,通过,NA
1751,拒绝,存在政治敏感不合规
1752,拒绝,存在政治敏感不合规
1753,拒绝,存在政治敏感不合规
1754,通过,NA
1755,通过,NA
1756,通过,NA
1757,通过,NA
1758,拒绝,存在政治敏感不合规
1759,通过,NA
1760,通过,NA
1761,通过,NA
1762,通过,NA
1763,通过,NA
1764,通过,NA
1765,通过,NA
1766,通过,NA
1767,通过,NA
1768,通过,NA
1769,通过,NA
1770,通过,NA
1771,通过,NA
1772,通过,NA
1773,通过,NA
1774,通过,NA
1775,通过,NA
1776,通过,NA
1777,拒绝,存在文本色情不合规
1778,通过,NA
1779,拒绝,存在政治敏感不合规
1780,拒绝,存在政治敏感不合规
1781,拒绝,存在政治敏感不合规
1782,通过,NA
1783,通过,NA
1784,通过,NA
1785,拒绝,存在政治敏感不合规
1786,通过,NA
1787,拒绝,疑似存在政治敏感不合规
1788,拒绝,存在政治敏感不合规
1789,通过,NA
1790,通过,NA
1791,通过,NA
1792,通过,NA
1793,通过,NA
1794,通过,NA
1795,通过,NA
1796,通过,NA
1797,通过,NA
1798,通过,NA
1799,拒绝,存在恶意推广不合规
1800,通过,NA
1801,通过,NA
1802,通过,NA
1803,通过,NA
1804,通过,NA
1805,通过,NA
1806,拒绝,存在政治敏感不合规
1807,通过,NA
1808,通过,NA
1809,通过,NA
1810,通过,NA
1811,通过,NA
1812,通过,NA
1813,通过,NA
1814,拒绝,存在政治敏感不合规
1815,拒绝,存在恶意推广不合规
1816,拒绝,存在政治敏感不合规
1817,拒绝,存在政治敏感不合规
1818,通过,NA
1819,通过,NA
1820,通过,NA
1821,通过,NA
1822,通过,NA
1823,通过,NA
1824,通过,NA
1825,通过,NA
1826,通过,NA
1827,通过,NA
1828,通过,NA
1829,通过,NA
1830,通过,NA
1831,通过,NA
1832,通过,NA
1833,通过,NA
1834,通过,NA
1835,拒绝,存在政治敏感不合规
1836,通过,NA
1837,通过,NA
1838,通过,NA
1839,通过,NA
1840,拒绝,存在文本色情不合规
1841,拒绝,存在政治敏感不合规
1842,通过,NA
1843,通过,NA
1844,通过,NA
1845,通过,NA
1846,通过,NA
1847,拒绝,存在恶意推广不合规
1848,通过,NA
1849,通过,NA
1850,通过,NA
1851,通过,NA
1852,通过,NA
1853,通过,NA
1854,通过,NA
1855,通过,NA
1856,通过,NA
1857,通过,NA
1858,通过,NA
1859,通过,NA
1860,通过,NA
1861,通过,NA
1862,通过,NA
1863,通过,NA
1864,通过,NA
1865,通过,NA
1866,通过,NA
1867,拒绝,疑似存在政治敏感不合规
1868,拒绝,存在恶意推广不合规
1869,通过,NA
1870,拒绝,疑似存在政治敏感不合规
1871,通过,NA
1872,通过,NA
1873,拒绝,存在政治敏感不合规
1874,通过,NA
1875,拒绝,存在政治敏感不合规
1876,通过,NA
1877,通过,NA
1878,通过,NA
1879,通过,NA
1880,通过,NA
1881,通过,NA
1882,通过,NA
1883,通过,NA
1884,拒绝,存在政治敏感不合规
1885,通过,NA
1886,拒绝,存在恶意推广不合规
1887,通过,NA
1888,通过,NA
1889,通过,NA
1890,通过,NA
1891,通过,NA
1892,通过,NA
1893,通过,NA
1894,通过,NA
1895,通过,NA
1896,通过,NA
1897,通过,NA
1898,通过,NA
1899,通过,NA
1900,通过,NA
1901,通过,NA
1902,通过,NA
1903,通过,NA
1904,拒绝,存在政治敏感不合规
1905,通过,NA
1906,通过,NA
1907,通过,NA
1908,通过,NA
1909,通过,NA
1910,通过,NA
1911,通过,NA
1912,通过,NA
1913,拒绝,存在政治敏感不合规
1914,通过,NA
1915,通过,NA
1916,通过,NA
1917,通过,NA
1918,通过,NA
1919,通过,NA
1920,拒绝,疑似存在政治敏感不合规
1921,拒绝,存在政治敏感不合规
1922,通过,NA
1923,通过,NA
1924,拒绝,存在政治敏感不合规
1925,通过,NA
1926,拒绝,存在政治敏感不合规
1927,通过,NA
1928,拒绝,存在政治敏感不合规
1929,拒绝,存在政治敏感不合规
1930,通过,NA
1931,拒绝,存在政治敏感不合规
1932,通过,NA
1933,通过,NA
1934,通过,NA
1935,通过,NA
1936,通过,NA
1937,通过,NA
1938,通过,NA
1939,通过,NA
1940,通过,NA
1941,通过,NA
1942,通过,NA
1943,通过,NA
1944,通过,NA
1945,通过,NA
1946,通过,NA
1947,通过,NA
1948,通过,NA
1949,通过,NA
1950,通过,NA
1951,通过,NA
1952,通过,NA
1953,拒绝,存在政治敏感不合规
1954,通过,NA
1955,通过,NA
1956,通过,NA
1957,通过,NA
1958,通过,NA
1959,通过,NA
1960,通过,NA
1961,拒绝,存在政治敏感不合规
1962,通过,NA
1963,通过,NA
1964,通过,NA
1965,通过,NA
1966,拒绝,存在政治敏感不合规
1967,通过,NA
1968,拒绝,存在恶意推广不合规
1969,通过,NA
1970,通过,NA
1971,通过,NA
1972,通过,NA
1973,通过,NA
1974,通过,NA
1975,通过,NA
1976,通过,NA
1977,拒绝,存在政治敏感不合规
1978,通过,NA
1979,通过,NA
1980,通过,NA
1981,通过,NA
1982,拒绝,存在政治敏感不合规
1983,通过,NA
1984,拒绝,存在政治敏感不合规
1985,拒绝,疑似存在政治敏感不合规
1986,通过,NA
1987,通过,NA
1988,通过,NA
1989,通过,NA
1990,通过,NA
1991,通过,NA
1992,通过,NA
1993,通过,NA
1994,通过,NA
1995,通过,NA
1996,通过,NA
1997,拒绝,疑似存在暴恐违禁不合规
1998,拒绝,存在政治敏感不合规
1999,通过,NA
2000,通过,NA
2001,拒绝,存在文本色情不合规
2002,通过,NA
2003,通过,NA
2004,通过,NA
2005,通过,NA
2006,通过,NA
2007,拒绝,存在政治敏感不合规
2008,通过,NA
2009,拒绝,存在恶意推广不合规
2010,通过,NA
2011,通过,NA
2012,通过,NA
2013,拒绝,存在政治敏感不合规
2014,通过,NA
2015,拒绝,存在政治敏感不合规
2016,通过,NA
2017,通过,NA
2018,通过,NA
2019,拒绝,存在政治敏感不合规
2020,通过,NA
2021,通过,NA
2022,通过,NA
2023,拒绝,疑似存在政治敏感不合规
2024,通过,NA
2025,通过,NA
2026,通过,NA
2027,拒绝,存在政治敏感不合规
2028,拒绝,存在政治敏感不合规
2029,拒绝,疑似存在政治敏感不合规
2030,通过,NA
2031,通过,NA
2032,通过,NA
2033,通过,NA
2034,拒绝,存在政治敏感不合规
2035,通过,NA
2036,通过,NA
2037,通过,NA
2038,通过,NA
2039,通过,NA
2040,通过,NA
2041,拒绝,存在政治敏感不合规
2042,通过,NA
2043,通过,NA
2044,通过,NA
2045,通过,NA
2046,拒绝,存在文本色情不合规
2047,拒绝,存在恶意推广不合规
2048,通过,NA
2049,通过,NA
2050,通过,NA
2051,通过,NA
2052,通过,NA
2053,拒绝,存在恶意推广不合规
2054,拒绝,存在政治敏感不合规
2055,通过,NA
2056,通过,NA
2057,通过,NA
2058,通过,NA
2059,通过,NA
2060,拒绝,存在政治敏感不合规
2061,拒绝,存在政治敏感不合规
2062,通过,NA
2063,通过,NA
2064,通过,NA
2065,通过,NA
2066,通过,NA
2067,通过,NA
2068,通过,NA
2069,通过,NA
2070,通过,NA
2071,通过,NA
2072,通过,NA
2073,通过,NA
2074,通过,NA
2075,拒绝,疑似存在政治敏感不合规
2076,通过,NA
2077,通过,NA
2078,通过,NA
2079,通过,NA
2080,通过,NA
2081,通过,NA
2082,通过,NA
2083,拒绝,存在政治敏感不合规
2084,拒绝,存在政治敏感不合规
2085,通过,NA
2086,拒绝,存在政治敏感不合规
2087,拒绝,疑似存在文本色情不合规
2088,拒绝,存在政治敏感不合规
2089,通过,NA
2090,通过,NA
2091,通过,NA
2092,通过,NA
2093,通过,NA
2094,通过,NA
2095,通过,NA
2096,通过,NA
2097,通过,NA
2098,通过,NA
2099,通过,NA
2100,通过,NA
2101,通过,NA
2102,通过,NA
2103,通过,NA
2104,通过,NA
2105,通过,NA
2106,通过,NA
2107,拒绝,疑似存在暴恐违禁不合规
2108,通过,NA
2109,拒绝,存在政治敏感不合规
2110,通过,NA
2111,通过,NA
2112,通过,NA
2113,通过,NA
2114,拒绝,存在政治敏感不合规
2115,通过,NA
2116,拒绝,存在政治敏感不合规
2117,通过,NA
2118,通过,NA
2119,通过,NA
2120,通过,NA
2121,拒绝,存在政治敏感不合规
2122,通过,NA
2123,通过,NA
2124,通过,NA
2125,通过,NA
2126,通过,NA
2127,通过,NA
2128,通过,NA
2129,通过,NA
2130,拒绝,疑似存在政治敏感不合规
2131,通过,NA
2132,通过,NA
2133,通过,NA
2134,通过,NA
2135,拒绝,存在政治敏感不合规
2136,通过,NA
2137,通过,NA
2138,通过,NA
2139,通过,NA
2140,通过,NA
2141,通过,NA
2142,通过,NA
2143,通过,NA
2144,通过,NA
2145,拒绝,存在政治敏感不合规
2146,通过,NA
2147,通过,NA
2148,通过,NA
2149,通过,NA
2150,通过,NA
2151,拒绝,存在百度官方默认违禁词库不合规
2152,通过,NA
2153,通过,NA
2154,通过,NA
2155,通过,NA
2156,通过,NA
2157,通过,NA
2158,通过,NA
2159,拒绝,存在政治敏感不合规
2160,通过,NA
2161,通过,NA
2162,通过,NA
2163,通过,NA
2164,通过,NA
2165,通过,NA
2166,通过,NA
2167,通过,NA
2168,通过,NA
2169,通过,NA
2170,通过,NA
2171,通过,NA
2172,通过,NA
2173,通过,NA
2174,通过,NA
2175,通过,NA
2176,通过,NA
2177,拒绝,疑似存在政治敏感不合规
2178,拒绝,存在政治敏感不合规
2179,通过,NA
2180,通过,NA
2181,通过,NA
2182,通过,NA
2183,通过,NA
2184,通过,NA
2185,通过,NA
2186,通过,NA
2187,通过,NA
2188,通过,NA
2189,通过,NA
2190,通过,NA
2191,拒绝,存在恶意推广不合规
2192,通过,NA
2193,通过,NA
2194,通过,NA
2195,拒绝,疑似存在政治敏感不合规
2196,通过,NA
2197,拒绝,疑似存在政治敏感不合规
2198,拒绝,存在政治敏感不合规
2199,通过,NA
2200,通过,NA
2201,通过,NA
2202,通过,NA
2203,通过,NA
2204,通过,NA
2205,通过,NA
2206,拒绝,存在恶意推广不合规
2207,通过,NA
2208,通过,NA
2209,拒绝,存在政治敏感不合规
2210,通过,NA
2211,拒绝,疑似存在政治敏感不合规
2212,通过,NA
2213,通过,NA
2214,通过,NA
2215,通过,NA
2216,通过,NA
2217,通过,NA
2218,通过,NA
2219,通过,NA
2220,通过,NA
2221,通过,NA
2222,通过,NA
2223,通过,NA
2224,通过,NA
2225,通过,NA
2226,通过,NA
2227,通过,NA
2228,通过,NA
2229,拒绝,存在政治敏感不合规
2230,通过,NA
2231,通过,NA
2232,通过,NA
2233,通过,NA
2234,拒绝,存在政治敏感不合规
2235,拒绝,存在政治敏感不合规
2236,拒绝,疑似存在政治敏感不合规
2237,通过,NA
2238,通过,NA
2239,通过,NA
2240,通过,NA
2241,拒绝,存在政治敏感不合规
2242,通过,NA
2243,通过,NA
2244,通过,NA
2245,通过,NA
2246,通过,NA
2247,通过,NA
2248,通过,NA
2249,通过,NA
2250,通过,NA
2251,通过,NA
2252,通过,NA
2253,通过,NA
2254,拒绝,疑似存在政治敏感不合规
2255,通过,NA
2256,通过,NA
2257,通过,NA
2258,拒绝,存在政治敏感不合规
2259,通过,NA
2260,通过,NA
2261,通过,NA
2262,通过,NA
2263,拒绝,存在政治敏感不合规
2264,拒绝,存在政治敏感不合规
2265,通过,NA
2266,通过,NA
2267,拒绝,存在恶意推广不合规
2268,拒绝,存在恶意推广不合规
2269,通过,NA
2270,通过,NA
2271,通过,NA
2272,通过,NA
2273,通过,NA
2274,拒绝,存在政治敏感不合规
2275,通过,NA
2276,拒绝,疑似存在政治敏感不合规
2277,通过,NA
2278,通过,NA
2279,通过,NA
2280,通过,NA
2281,通过,NA
2282,通过,NA
2283,通过,NA
2284,通过,NA
2285,通过,NA
2286,通过,NA
2287,通过,NA
2288,拒绝,存在政治敏感不合规
2289,通过,NA
2290,通过,NA
2291,通过,NA
2292,通过,NA
2293,拒绝,存在政治敏感不合规
2294,通过,NA
2295,拒绝,疑似存在文本色情不合规
2296,通过,NA
2297,通过,NA
2298,通过,NA
2299,通过,NA
2300,通过,NA
2301,通过,NA
2302,拒绝,存在政治敏感不合规
2303,通过,NA
2304,通过,NA
2305,拒绝,存在政治敏感不合规
2306,通过,NA
2307,通过,NA
2308,通过,NA
2309,通过,NA
2310,通过,NA
2311,通过,NA
2312,通过,NA
2313,通过,NA
2314,通过,NA
2315,通过,NA
2316,通过,NA
2317,通过,NA
2318,通过,NA
2319,通过,NA
2320,拒绝,存在暴恐违禁不合规
2321,通过,NA
2322,拒绝,存在政治敏感不合规
2323,通过,NA
2324,通过,NA
2325,拒绝,疑似存在政治敏感不合规
2326,通过,NA
2327,通过,NA
2328,通过,NA
2329,通过,NA
2330,拒绝,存在政治敏感不合规
2331,通过,NA
2332,通过,NA
2333,通过,NA
2334,拒绝,存在恶意推广不合规
2335,通过,NA
2336,通过,NA
2337,通过,NA
2338,通过,NA
2339,通过,NA
2340,通过,NA
2341,拒绝,疑似存在政治敏感不合规
2342,通过,NA
2343,通过,NA
2344,通过,NA
2345,通过,NA
2346,拒绝,存在文本色情不合规
2347,通过,NA
2348,通过,NA
2349,通过,NA
2350,通过,NA
2351,通过,NA
2352,通过,NA
2353,拒绝,存在政治敏感不合规
2354,拒绝,存在恶意推广不合规
2355,通过,NA
2356,通过,NA
2357,通过,NA
2358,通过,NA
2359,通过,NA
2360,通过,NA
2361,通过,NA
2362,通过,NA
2363,拒绝,存在恶意推广不合规
2364,通过,NA
2365,通过,NA
2366,通过,NA
2367,拒绝,存在政治敏感不合规
2368,通过,NA
2369,通过,NA
2370,拒绝,存在政治敏感不合规
2371,通过,NA
2372,通过,NA
2373,通过,NA
2374,通过,NA
2375,通过,NA
2376,通过,NA
2377,通过,NA
2378,拒绝,疑似存在政治敏感不合规
2379,通过,NA
2380,通过,NA
2381,通过,NA
2382,通过,NA
2383,通过,NA
2384,通过,NA
2385,通过,NA
2386,拒绝,存在政治敏感不合规
2387,通过,NA
2388,通过,NA
2389,通过,NA
2390,拒绝,存在政治敏感不合规
2391,拒绝,存在政治敏感不合规
2392,通过,NA
2393,通过,NA
2394,通过,NA
2395,通过,NA
2396,通过,NA
2397,通过,NA
2398,通过,NA
2399,通过,NA
2400,通过,NA
2401,拒绝,存在政治敏感不合规
2402,拒绝,存在政治敏感不合规
2403,通过,NA
2404,通过,NA
2405,通过,NA
2406,通过,NA
2407,通过,NA
2408,通过,NA
2409,通过,NA
2410,通过,NA
2411,通过,NA
2412,通过,NA
2413,通过,NA
2414,通过,NA
2415,通过,NA
2416,通过,NA
2417,通过,NA
2418,拒绝,疑似存在政治敏感不合规
2419,通过,NA
2420,通过,NA
2421,通过,NA
2422,通过,NA
2423,拒绝,疑似存在政治敏感不合规
2424,通过,NA
2425,通过,NA
2426,通过,NA
2427,通过,NA
2428,通过,NA
2429,拒绝,存在政治敏感不合规
2430,通过,NA
2431,通过,NA
2432,通过,NA
2433,通过,NA
2434,通过,NA
2435,拒绝,存在政治敏感不合规
2436,通过,NA
2437,通过,NA
2438,通过,NA
2439,拒绝,存在政治敏感不合规
2440,拒绝,存在政治敏感不合规
2441,通过,NA
2442,通过,NA
2443,通过,NA
2444,通过,NA
2445,通过,NA
2446,通过,NA
2447,通过,NA
2448,拒绝,存在政治敏感不合规
2449,通过,NA
2450,通过,NA
2451,通过,NA
2452,通过,NA
2453,通过,NA
2454,通过,NA
2455,拒绝,存在文本色情不合规
2456,通过,NA
2457,通过,NA
2458,通过,NA
2459,通过,NA
2460,通过,NA
2461,通过,NA
2462,通过,NA
2463,拒绝,存在政治敏感不合规
2464,通过,NA
2465,拒绝,存在政治敏感不合规
2466,拒绝,存在暴恐违禁不合规
2467,通过,NA
2468,通过,NA
2469,通过,NA
2470,通过,NA
2471,通过,NA
2472,通过,NA
2473,通过,NA
2474,通过,NA
2475,通过,NA
2476,拒绝,存在政治敏感不合规
2477,通过,NA
2478,通过,NA
2479,通过,NA
2480,通过,NA
2481,拒绝,存在政治敏感不合规
2482,拒绝,存在政治敏感不合规
2483,拒绝,存在政治敏感不合规
2484,通过,NA
2485,通过,NA
2486,拒绝,存在政治敏感不合规
2487,拒绝,存在政治敏感不合规
2488,通过,NA
2489,通过,NA
2490,通过,NA
2491,通过,NA
2492,通过,NA
2493,通过,NA
2494,通过,NA
2495,通过,NA
2496,拒绝,存在政治敏感不合规
2497,通过,NA
2498,通过,NA
2499,通过,NA
2500,通过,NA
2501,通过,NA
2502,拒绝,存在政治敏感不合规
2503,通过,NA
2504,拒绝,疑似存在政治敏感不合规
2505,通过,NA
2506,通过,NA
2507,通过,NA
2508,通过,NA
2509,通过,NA
2510,拒绝,疑似存在政治敏感不合规
2511,通过,NA
2512,拒绝,疑似存在政治敏感不合规
2513,通过,NA
2514,通过,NA
2515,通过,NA
2516,通过,NA
2517,通过,NA
2518,通过,NA
2519,拒绝,存在政治敏感不合规
2520,通过,NA
2521,通过,NA
2522,通过,NA
2523,通过,NA
2524,通过,NA
2525,通过,NA
2526,拒绝,疑似存在政治敏感不合规
2527,通过,NA
2528,拒绝,存在政治敏感不合规
2529,通过,NA
2530,通过,NA
2531,通过,NA
2532,通过,NA
2533,通过,NA
2534,通过,NA
2535,通过,NA
2536,通过,NA
2537,拒绝,存在政治敏感不合规
2538,拒绝,存在文本色情不合规
2539,拒绝,疑似存在政治敏感不合规
2540,通过,NA
2541,通过,NA
2542,通过,NA
2543,通过,NA
2544,通过,NA
2545,通过,NA
2546,通过,NA
2547,通过,NA
2548,通过,NA
2549,通过,NA
2550,拒绝,存在政治敏感不合规
2551,通过,NA
2552,通过,NA
2553,通过,NA
2554,通过,NA
2555,拒绝,存在恶意推广不合规
2556,通过,NA
2557,通过,NA
2558,通过,NA
2559,通过,NA
2560,通过,NA
2561,通过,NA
2562,通过,NA
2563,通过,NA
2564,通过,NA
2565,通过,NA
2566,通过,NA
2567,拒绝,存在政治敏感不合规
2568,拒绝,疑似存在政治敏感不合规
2569,通过,NA
2570,通过,NA
2571,拒绝,存在政治敏感不合规
2572,通过,NA
2573,拒绝,存在恶意推广不合规
2574,通过,NA
2575,拒绝,疑似存在政治敏感不合规
2576,拒绝,疑似存在政治敏感不合规
2577,通过,NA
2578,通过,NA
2579,拒绝,存在政治敏感不合规
2580,拒绝,存在恶意推广不合规
2581,通过,NA
2582,通过,NA
2583,通过,NA
2584,通过,NA
2585,通过,NA
2586,通过,NA
2587,通过,NA
2588,通过,NA
2589,通过,NA
2590,通过,NA
2591,通过,NA
2592,通过,NA
2593,拒绝,疑似存在政治敏感不合规
2594,通过,NA
2595,通过,NA
2596,通过,NA
2597,拒绝,存在政治敏感不合规
2598,拒绝,疑似存在文本色情不合规
2599,拒绝,存在政治敏感不合规
2600,通过,NA
2601,通过,NA
2602,通过,NA
2603,通过,NA
2604,通过,NA
2605,通过,NA
2606,通过,NA
2607,通过,NA
2608,拒绝,存在政治敏感不合规
2609,通过,NA
2610,通过,NA
2611,通过,NA
2612,通过,NA
2613,通过,NA
2614,通过,NA
2615,通过,NA
2616,通过,NA
2617,通过,NA
2618,通过,NA
2619,通过,NA
2620,通过,NA
2621,拒绝,疑似存在政治敏感不合规
2622,通过,NA
2623,通过,NA
2624,通过,NA
2625,通过,NA
2626,通过,NA
2627,通过,NA
2628,拒绝,疑似存在政治敏感不合规
2629,通过,NA
2630,通过,NA
2631,通过,NA
2632,拒绝,存在文本色情不合规
2633,通过,NA
2634,通过,NA
2635,通过,NA
2636,通过,NA
2637,拒绝,存在政治敏感不合规
2638,拒绝,存在政治敏感不合规
2639,通过,NA
2640,通过,NA
2641,通过,NA
2642,通过,NA
2643,通过,NA
2644,拒绝,存在百度官方默认违禁词库不合规
2645,通过,NA
2646,通过,NA
2647,通过,NA
2648,通过,NA
2649,通过,NA
2650,通过,NA
2651,拒绝,存在政治敏感不合规
2652,拒绝,疑似存在政治敏感不合规
2653,通过,NA
2654,拒绝,存在政治敏感不合规
2655,通过,NA
2656,通过,NA
2657,拒绝,存在政治敏感不合规;存在恶意推广不合规
2658,拒绝,存在文本色情不合规
2659,通过,NA
2660,通过,NA
2661,通过,NA
2662,通过,NA
2663,通过,NA
2664,拒绝,疑似存在政治敏感不合规
2665,通过,NA
2666,通过,NA
2667,通过,NA
2668,通过,NA
2669,通过,NA
2670,拒绝,疑似存在政治敏感不合规
2671,通过,NA
2672,通过,NA
2673,通过,NA
2674,通过,NA
2675,拒绝,存在政治敏感不合规
2676,通过,NA
2677,通过,NA
2678,拒绝,存在政治敏感不合规
2679,通过,NA
2680,通过,NA
2681,通过,NA
2682,通过,NA
2683,通过,NA
2684,通过,NA
2685,通过,NA
2686,通过,NA
2687,拒绝,存在文本色情不合规
2688,通过,NA
2689,通过,NA
2690,通过,NA
2691,通过,NA
2692,通过,NA
2693,通过,NA
2694,拒绝,存在政治敏感不合规
2695,拒绝,存在恶意推广不合规
2696,通过,NA
2697,通过,NA
2698,通过,NA
2699,拒绝,疑似存在政治敏感不合规
2700,拒绝,存在政治敏感不合规
2701,通过,NA
2702,通过,NA
2703,拒绝,存在文本色情不合规
2704,拒绝,存在政治敏感不合规
2705,通过,NA
2706,通过,NA
2707,通过,NA
2708,通过,NA
2709,通过,NA
2710,拒绝,存在政治敏感不合规
2711,通过,NA
2712,通过,NA
2713,通过,NA
2714,拒绝,存在政治敏感不合规
2715,拒绝,存在政治敏感不合规
2716,通过,NA
2717,通过,NA
2718,通过,NA
2719,通过,NA
2720,通过,NA
2721,通过,NA
2722,通过,NA
2723,通过,NA
2724,通过,NA
2725,通过,NA
2726,通过,NA
2727,通过,NA
2728,通过,NA
2729,通过,NA
2730,通过,NA
2731,拒绝,存在恶意推广不合规
2732,通过,NA
2733,通过,NA
2734,通过,NA
2735,通过,NA
2736,拒绝,疑似存在文本色情不合规
2737,拒绝,存在政治敏感不合规
2738,拒绝,疑似存在政治敏感不合规
2739,通过,NA
2740,通过,NA
2741,通过,NA
2742,通过,NA
2743,拒绝,存在政治敏感不合规
2744,通过,NA
2745,通过,NA
2746,通过,NA
2747,通过,NA
2748,通过,NA
2749,通过,NA
2750,通过,NA
2751,通过,NA
2752,通过,NA
2753,拒绝,存在政治敏感不合规
2754,通过,NA
2755,通过,NA
2756,拒绝,存在政治敏感不合规
2757,通过,NA
2758,通过,NA
2759,通过,NA
2760,通过,NA
2761,通过,NA
2762,通过,NA
2763,通过,NA
2764,拒绝,存在政治敏感不合规
2765,通过,NA
2766,通过,NA
2767,通过,NA
2768,通过,NA
2769,通过,NA
2770,拒绝,存在政治敏感不合规
2771,通过,NA
2772,拒绝,存在政治敏感不合规
2773,通过,NA
2774,通过,NA
2775,拒绝,存在政治敏感不合规
2776,通过,NA
2777,拒绝,疑似存在政治敏感不合规
2778,通过,NA
2779,通过,NA
2780,通过,NA
2781,通过,NA
2782,通过,NA
2783,通过,NA
2784,拒绝,存在政治敏感不合规
2785,拒绝,存在政治敏感不合规
2786,通过,NA
2787,通过,NA
2788,通过,NA
2789,通过,NA
2790,通过,NA
2791,通过,NA
2792,通过,NA
2793,通过,NA
2794,拒绝,存在政治敏感不合规
2795,通过,NA
2796,通过,NA
2797,拒绝,疑似存在政治敏感不合规
2798,通过,NA
2799,拒绝,存在政治敏感不合规
2800,通过,NA
2801,拒绝,存在政治敏感不合规
2802,通过,NA
2803,拒绝,存在恶意推广不合规
2804,通过,NA
2805,通过,NA
2806,通过,NA
2807,通过,NA
2808,通过,NA
2809,通过,NA
2810,通过,NA
2811,通过,NA
2812,通过,NA
2813,通过,NA
2814,通过,NA
2815,通过,NA
2816,拒绝,存在政治敏感不合规
2817,拒绝,存在政治敏感不合规
2818,通过,NA
2819,通过,NA
2820,通过,NA
2821,通过,NA
2822,通过,NA
2823,通过,NA
2824,通过,NA
2825,通过,NA
2826,通过,NA
2827,通过,NA
2828,通过,NA
2829,通过,NA
2830,拒绝,疑似存在政治敏感不合规
2831,通过,NA
2832,拒绝,存在政治敏感不合规
2833,通过,NA
2834,通过,NA
2835,通过,NA
2836,通过,NA
2837,通过,NA
2838,通过,NA
2839,通过,NA
2840,通过,NA
2841,通过,NA
2842,通过,NA
2843,拒绝,存在政治敏感不合规
2844,拒绝,存在政治敏感不合规
2845,通过,NA
2846,通过,NA
2847,通过,NA
2848,通过,NA
2849,通过,NA
2850,通过,NA
2851,拒绝,存在政治敏感不合规
2852,通过,NA
2853,通过,NA
2854,通过,NA
2855,通过,NA
2856,拒绝,存在政治敏感不合规
2857,通过,NA
2858,通过,NA
2859,通过,NA
2860,通过,NA
2861,通过,NA
2862,通过,NA
2863,通过,NA
2864,通过,NA
2865,通过,NA
2866,拒绝,存在恶意推广不合规
2867,通过,NA
2868,通过,NA
2869,通过,NA
2870,拒绝,存在政治敏感不合规
2871,通过,NA
2872,通过,NA
2873,通过,NA
2874,拒绝,疑似存在政治敏感不合规
2875,拒绝,疑似存在政治敏感不合规
2876,通过,NA
2877,通过,NA
2878,通过,NA
2879,通过,NA
2880,拒绝,存在政治敏感不合规
2881,通过,NA
2882,通过,NA
2883,拒绝,存在政治敏感不合规
2884,通过,NA
2885,通过,NA
2886,通过,NA
2887,通过,NA
2888,通过,NA
2889,通过,NA
2890,通过,NA
2891,通过,NA
2892,通过,NA
2893,通过,NA
2894,通过,NA
2895,通过,NA
2896,通过,NA
2897,拒绝,疑似存在政治敏感不合规
2898,通过,NA
2899,通过,NA
2900,通过,NA
2901,通过,NA
2902,通过,NA
2903,通过,NA
2904,通过,NA
2905,通过,NA
2906,拒绝,存在政治敏感不合规
2907,通过,NA
2908,通过,NA
2909,通过,NA
2910,通过,NA
2911,通过,NA
2912,拒绝,疑似存在政治敏感不合规
2913,通过,NA
2914,拒绝,存在恶意推广不合规
2915,通过,NA
2916,通过,NA
2917,通过,NA
2918,通过,NA
2919,通过,NA
2920,通过,NA
2921,通过,NA
2922,通过,NA
2923,拒绝,疑似存在政治敏感不合规
2924,拒绝,存在政治敏感不合规
2925,拒绝,存在政治敏感不合规
2926,通过,NA
2927,通过,NA
2928,通过,NA
2929,拒绝,存在政治敏感不合规
2930,通过,NA
2931,通过,NA
2932,通过,NA
2933,通过,NA
2934,拒绝,存在政治敏感不合规
2935,通过,NA
2936,通过,NA
2937,通过,NA
2938,通过,NA
2939,通过,NA
2940,拒绝,存在政治敏感不合规
2941,拒绝,存在政治敏感不合规
2942,通过,NA
2943,通过,NA
2944,通过,NA
2945,拒绝,存在政治敏感不合规
2946,通过,NA
2947,通过,NA
2948,通过,NA
2949,通过,NA
2950,拒绝,疑似存在政治敏感不合规
2951,通过,NA
2952,拒绝,疑似存在政治敏感不合规
2953,通过,NA
2954,通过,NA
2955,通过,NA
2956,通过,NA
2957,通过,NA
2958,通过,NA
2959,通过,NA
2960,通过,NA
2961,拒绝,存在文本色情不合规
2962,通过,NA
2963,通过,NA
2964,通过,NA
2965,拒绝,存在恶意推广不合规
2966,拒绝,存在政治敏感不合规
2967,拒绝,存在政治敏感不合规
2968,通过,NA
2969,拒绝,存在恶意推广不合规
2970,通过,NA
2971,通过,NA
2972,通过,NA
2973,通过,NA
2974,通过,NA
2975,通过,NA
2976,通过,NA
2977,拒绝,存在政治敏感不合规
2978,通过,NA
2979,拒绝,存在政治敏感不合规
2980,通过,NA
2981,拒绝,存在政治敏感不合规
2982,通过,NA
2983,通过,NA
2984,通过,NA
2985,通过,NA
2986,拒绝,疑似存在政治敏感不合规
2987,通过,NA
2988,通过,NA
2989,通过,NA
2990,通过,NA
2991,拒绝,疑似存在政治敏感不合规
2992,通过,NA
2993,拒绝,存在政治敏感不合规
2994,通过,NA
2995,通过,NA
2996,通过,NA
2997,通过,NA
2998,通过,NA
2999,通过,NA
3000,通过,NA
3001,拒绝,存在恶意推广不合规
3002,通过,NA
3003,通过,NA
3004,通过,NA
3005,通过,NA
3006,拒绝,疑似存在政治敏感不合规
3007,通过,NA
3008,通过,NA
3009,通过,NA
3010,通过,NA
3011,通过,NA
3012,通过,NA
3013,通过,NA
3014,拒绝,存在政治敏感不合规
3015,通过,NA
3016,通过,NA
3017,拒绝,疑似存在政治敏感不合规
3018,拒绝,疑似存在政治敏感不合规
3019,拒绝,存在政治敏感不合规
3020,通过,NA
3021,通过,NA
3022,拒绝,存在政治敏感不合规
3023,通过,NA
3024,拒绝,存在政治敏感不合规
3025,拒绝,存在政治敏感不合规
3026,通过,NA
3027,通过,NA
3028,拒绝,疑似存在政治敏感不合规
3029,拒绝,存在政治敏感不合规
3030,拒绝,疑似存在政治敏感不合规
3031,通过,NA
3032,通过,NA
3033,通过,NA
3034,拒绝,疑似存在政治敏感不合规
3035,拒绝,存在政治敏感不合规
3036,拒绝,存在政治敏感不合规
3037,通过,NA
3038,通过,NA
3039,通过,NA
3040,通过,NA
3041,拒绝,存在政治敏感不合规
3042,通过,NA
3043,通过,NA
3044,通过,NA
3045,通过,NA
3046,通过,NA
3047,拒绝,疑似存在政治敏感不合规
3048,通过,NA
3049,通过,NA
3050,拒绝,存在文本色情不合规
3051,通过,NA
3052,通过,NA
3053,通过,NA
3054,拒绝,疑似存在政治敏感不合规
3055,通过,NA
3056,通过,NA
3057,通过,NA
3058,通过,NA
3059,通过,NA
3060,拒绝,存在政治敏感不合规
3061,通过,NA
3062,拒绝,疑似存在政治敏感不合规
3063,通过,NA
3064,通过,NA
3065,通过,NA
3066,拒绝,存在政治敏感不合规
3067,通过,NA
3068,通过,NA
3069,拒绝,疑似存在政治敏感不合规
3070,拒绝,疑似存在政治敏感不合规
3071,通过,NA
3072,通过,NA
3073,通过,NA
3074,通过,NA
3075,通过,NA
3076,通过,NA
3077,通过,NA
3078,通过,NA
3079,通过,NA
3080,通过,NA
3081,通过,NA
3082,通过,NA
3083,通过,NA
3084,通过,NA
3085,拒绝,疑似存在政治敏感不合规
3086,通过,NA
3087,拒绝,存在恶意推广不合规
3088,通过,NA
3089,通过,NA
3090,通过,NA
3091,通过,NA
3092,拒绝,存在政治敏感不合规
3093,通过,NA
3094,通过,NA
3095,通过,NA
3096,通过,NA
3097,通过,NA
3098,通过,NA
3099,通过,NA
3100,拒绝,存在政治敏感不合规
3101,通过,NA
3102,通过,NA
3103,拒绝,疑似存在政治敏感不合规
3104,通过,NA
3105,通过,NA
3106,通过,NA
3107,通过,NA
3108,通过,NA
3109,拒绝,存在政治敏感不合规
3110,通过,NA
3111,通过,NA
3112,通过,NA
3113,通过,NA
3114,通过,NA
3115,通过,NA
3116,通过,NA
3117,通过,NA
3118,通过,NA
3119,拒绝,存在文本色情不合规
3120,通过,NA
3121,通过,NA
3122,通过,NA
3123,通过,NA
3124,通过,NA
3125,通过,NA
3126,通过,NA
3127,通过,NA
3128,拒绝,存在政治敏感不合规
3129,拒绝,存在政治敏感不合规
3130,通过,NA
3131,通过,NA
3132,通过,NA
3133,通过,NA
3134,通过,NA
3135,通过,NA
3136,通过,NA
3137,通过,NA
3138,拒绝,疑似存在文本色情不合规
3139,通过,NA
3140,通过,NA
3141,通过,NA
3142,拒绝,存在政治敏感不合规
3143,通过,NA
3144,通过,NA
3145,拒绝,存在政治敏感不合规
3146,通过,NA
3147,拒绝,存在政治敏感不合规
3148,拒绝,存在政治敏感不合规
3149,通过,NA
3150,拒绝,疑似存在政治敏感不合规
3151,拒绝,存在政治敏感不合规
3152,通过,NA
3153,拒绝,存在百度官方默认违禁词库不合规;存在政治敏感不合规
3154,通过,NA
3155,通过,NA
3156,通过,NA
3157,通过,NA
3158,通过,NA
3159,通过,NA
3160,通过,NA
3161,通过,NA
3162,通过,NA
3163,通过,NA
3164,通过,NA
3165,通过,NA
3166,通过,NA
3167,通过,NA
3168,通过,NA
3169,通过,NA
3170,通过,NA
3171,通过,NA
3172,通过,NA
3173,通过,NA
3174,拒绝,疑似存在政治敏感不合规
3175,通过,NA
3176,通过,NA
3177,通过,NA
3178,通过,NA
3179,通过,NA
3180,通过,NA
3181,拒绝,存在政治敏感不合规
3182,通过,NA
3183,通过,NA
3184,拒绝,存在政治敏感不合规
3185,通过,NA
3186,拒绝,存在政治敏感不合规
3187,通过,NA
3188,通过,NA
3189,通过,NA
3190,通过,NA
3191,通过,NA
3192,通过,NA
3193,通过,NA
3194,拒绝,存在政治敏感不合规
3195,通过,NA
3196,拒绝,存在政治敏感不合规
3197,拒绝,疑似存在政治敏感不合规
3198,通过,NA
3199,通过,NA
3200,通过,NA
3201,通过,NA
3202,通过,NA
3203,拒绝,存在政治敏感不合规
3204,拒绝,存在政治敏感不合规
3205,拒绝,存在政治敏感不合规
3206,通过,NA
3207,通过,NA
3208,通过,NA
3209,通过,NA
3210,通过,NA
3211,通过,NA
3212,通过,NA
3213,通过,NA
3214,通过,NA
3215,通过,NA
3216,通过,NA
3217,通过,NA
3218,拒绝,存在政治敏感不合规
3219,拒绝,疑似存在政治敏感不合规
3220,通过,NA
3221,通过,NA
3222,通过,NA
3223,通过,NA
3224,通过,NA
3225,通过,NA
3226,通过,NA
3227,通过,NA
3228,拒绝,存在恶意推广不合规
3229,通过,NA
3230,通过,NA
3231,通过,NA
3232,通过,NA
3233,通过,NA
3234,通过,NA
3235,通过,NA
3236,拒绝,存在政治敏感不合规
3237,通过,NA
3238,通过,NA
3239,通过,NA
3240,通过,NA
3241,通过,NA
3242,通过,NA
3243,通过,NA
3244,通过,NA
3245,通过,NA
3246,通过,NA
3247,通过,NA
3248,通过,NA
3249,拒绝,存在政治敏感不合规
3250,通过,NA
3251,拒绝,存在政治敏感不合规
3252,通过,NA
3253,通过,NA
3254,通过,NA
3255,通过,NA
3256,通过,NA
3257,拒绝,疑似存在政治敏感不合规
3258,通过,NA
3259,通过,NA
3260,通过,NA
3261,拒绝,存在恶意推广不合规
3262,通过,NA
3263,通过,NA
3264,通过,NA
3265,通过,NA
3266,通过,NA
3267,通过,NA
3268,通过,NA
3269,通过,NA
3270,通过,NA
3271,通过,NA
3272,通过,NA
3273,通过,NA
3274,通过,NA
3275,通过,NA
3276,通过,NA
3277,通过,NA
3278,通过,NA
3279,通过,NA
3280,通过,NA
3281,通过,NA
3282,拒绝,存在政治敏感不合规
3283,通过,NA
3284,通过,NA
3285,拒绝,存在政治敏感不合规
3286,通过,NA
3287,通过,NA
3288,通过,NA
3289,通过,NA
3290,通过,NA
3291,拒绝,存在政治敏感不合规
3292,通过,NA
3293,通过,NA
3294,拒绝,存在政治敏感不合规
3295,通过,NA
3296,拒绝,存在政治敏感不合规
3297,通过,NA
3298,通过,NA
3299,通过,NA
3300,通过,NA
3301,通过,NA
3302,通过,NA
3303,通过,NA
3304,通过,NA
3305,通过,NA
3306,通过,NA
3307,通过,NA
3308,拒绝,存在恶意推广不合规
3309,通过,NA
3310,通过,NA
3311,通过,NA
3312,拒绝,存在政治敏感不合规
3313,通过,NA
3314,通过,NA
3315,通过,NA
3316,通过,NA
3317,通过,NA
3318,拒绝,存在政治敏感不合规
3319,通过,NA
3320,通过,NA
3321,通过,NA
3322,拒绝,存在政治敏感不合规
3323,通过,NA
3324,通过,NA
3325,通过,NA
3326,拒绝,存在政治敏感不合规
3327,拒绝,存在政治敏感不合规
3328,通过,NA
3329,通过,NA
3330,通过,NA
3331,通过,NA
3332,通过,NA
3333,通过,NA
3334,通过,NA
3335,拒绝,存在政治敏感不合规
3336,通过,NA
3337,通过,NA
3338,通过,NA
3339,通过,NA
3340,通过,NA
3341,通过,NA
3342,通过,NA
3343,通过,NA
3344,通过,NA
3345,通过,NA
3346,通过,NA
3347,通过,NA
3348,通过,NA
3349,通过,NA
3350,拒绝,存在政治敏感不合规
3351,通过,NA
3352,通过,NA
3353,通过,NA
3354,通过,NA
3355,通过,NA
3356,通过,NA
3357,通过,NA
3358,通过,NA
3359,通过,NA
3360,通过,NA
3361,通过,NA
3362,通过,NA
3363,通过,NA
3364,通过,NA
3365,通过,NA
3366,拒绝,存在政治敏感不合规
3367,通过,NA
3368,拒绝,疑似存在政治敏感不合规
3369,拒绝,存在政治敏感不合规
3370,通过,NA
3371,通过,NA
3372,通过,NA
3373,通过,NA
3374,通过,NA
3375,通过,NA
3376,通过,NA
3377,通过,NA
3378,通过,NA
3379,通过,NA
3380,通过,NA
3381,通过,NA
3382,通过,NA
3383,通过,NA
3384,通过,NA
3385,通过,NA
3386,拒绝,存在文本色情不合规
3387,通过,NA
3388,通过,NA
3389,通过,NA
3390,通过,NA
3391,通过,NA
3392,通过,NA
3393,通过,NA
3394,通过,NA
3395,通过,NA
3396,拒绝,疑似存在政治敏感不合规
3397,通过,NA
3398,通过,NA
3399,拒绝,疑似存在政治敏感不合规
3400,拒绝,疑似存在政治敏感不合规
3401,通过,NA
3402,拒绝,疑似存在政治敏感不合规
3403,通过,NA
3404,通过,NA
3405,通过,NA
3406,通过,NA
3407,通过,NA
3408,通过,NA
3409,通过,NA
3410,通过,NA
3411,拒绝,存在文本色情不合规
3412,通过,NA
3413,拒绝,存在政治敏感不合规
3414,通过,NA
3415,通过,NA
3416,通过,NA
3417,通过,NA
3418,通过,NA
3419,通过,NA
3420,拒绝,存在政治敏感不合规
3421,通过,NA
3422,拒绝,存在政治敏感不合规
3423,通过,NA
3424,通过,NA
3425,通过,NA
3426,通过,NA
3427,拒绝,疑似存在政治敏感不合规
3428,拒绝,存在政治敏感不合规
3429,拒绝,存在政治敏感不合规
3430,通过,NA
3431,拒绝,存在政治敏感不合规
3432,通过,NA
3433,通过,NA
3434,通过,NA
3435,通过,NA
3436,通过,NA
3437,通过,NA
3438,通过,NA
3439,通过,NA
3440,通过,NA
3441,通过,NA
3442,拒绝,存在政治敏感不合规
3443,通过,NA
3444,通过,NA
3445,拒绝,存在政治敏感不合规
3446,通过,NA
3447,通过,NA
3448,拒绝,存在政治敏感不合规
3449,通过,NA
3450,通过,NA
3451,通过,NA
3452,拒绝,疑似存在政治敏感不合规
3453,通过,NA
3454,通过,NA
3455,通过,NA
3456,通过,NA
3457,通过,NA
3458,通过,NA
3459,拒绝,疑似存在政治敏感不合规
3460,拒绝,存在政治敏感不合规
3461,拒绝,存在恶意推广不合规
3462,通过,NA
3463,通过,NA
3464,通过,NA
3465,通过,NA
3466,拒绝,存在政治敏感不合规
3467,通过,NA
3468,通过,NA
3469,通过,NA
3470,通过,NA
3471,通过,NA
3472,通过,NA
3473,拒绝,疑似存在政治敏感不合规
3474,通过,NA
3475,通过,NA
3476,通过,NA
3477,通过,NA
3478,通过,NA
3479,通过,NA
3480,通过,NA
3481,通过,NA
3482,通过,NA
3483,通过,NA
3484,通过,NA
3485,通过,NA
3486,拒绝,疑似存在政治敏感不合规
3487,通过,NA
3488,通过,NA
3489,拒绝,存在政治敏感不合规
3490,通过,NA
3491,通过,NA
3492,通过,NA
3493,通过,NA
3494,拒绝,疑似存在政治敏感不合规
3495,通过,NA
3496,拒绝,存在政治敏感不合规
3497,通过,NA
3498,通过,NA
3499,拒绝,存在政治敏感不合规
3500,拒绝,存在政治敏感不合规
3501,通过,NA
3502,通过,NA
3503,通过,NA
3504,通过,NA
3505,通过,NA
3506,拒绝,存在政治敏感不合规
3507,通过,NA
3508,拒绝,疑似存在政治敏感不合规
3509,通过,NA
3510,通过,NA
3511,通过,NA
3512,通过,NA
3513,拒绝,疑似存在政治敏感不合规
3514,通过,NA
3515,通过,NA
3516,拒绝,存在恶意推广不合规
3517,通过,NA
3518,拒绝,存在政治敏感不合规
3519,通过,NA
3520,通过,NA
3521,通过,NA
3522,拒绝,存在政治敏感不合规
3523,拒绝,存在政治敏感不合规
3524,通过,NA
3525,拒绝,存在恶意推广不合规
3526,通过,NA
3527,拒绝,存在政治敏感不合规
3528,通过,NA
3529,通过,NA
3530,通过,NA
3531,通过,NA
3532,通过,NA
3533,通过,NA
3534,通过,NA
3535,通过,NA
3536,通过,NA
3537,通过,NA
3538,通过,NA
3539,通过,NA
3540,拒绝,存在政治敏感不合规
3541,拒绝,存在政治敏感不合规
3542,通过,NA
3543,通过,NA
3544,通过,NA
3545,通过,NA
3546,通过,NA
3547,通过,NA
3548,通过,NA
3549,通过,NA
3550,通过,NA
3551,通过,NA
3552,通过,NA
3553,通过,NA
3554,通过,NA
3555,通过,NA
3556,通过,NA
3557,通过,NA
3558,拒绝,存在政治敏感不合规
3559,通过,NA
3560,通过,NA
3561,通过,NA
3562,通过,NA
3563,通过,NA
3564,通过,NA
3565,通过,NA
3566,通过,NA
3567,通过,NA
3568,通过,NA
3569,通过,NA
3570,通过,NA
3571,拒绝,疑似存在政治敏感不合规
3572,通过,NA
3573,通过,NA
3574,拒绝,存在政治敏感不合规
3575,拒绝,存在政治敏感不合规
3576,通过,NA
3577,通过,NA
3578,通过,NA
3579,通过,NA
3580,通过,NA
3581,通过,NA
3582,拒绝,存在政治敏感不合规
3583,拒绝,存在政治敏感不合规
3584,通过,NA
3585,拒绝,存在政治敏感不合规
3586,通过,NA
3587,通过,NA
3588,通过,NA
3589,通过,NA
3590,拒绝,存在政治敏感不合规
3591,拒绝,存在暴恐违禁不合规
3592,拒绝,疑似存在政治敏感不合规
3593,通过,NA
3594,通过,NA
3595,通过,NA
3596,通过,NA
3597,拒绝,存在恶意推广不合规
3598,通过,NA
3599,拒绝,存在政治敏感不合规
3600,通过,NA
3601,通过,NA
3602,通过,NA
3603,通过,NA
3604,通过,NA
3605,通过,NA
3606,通过,NA
3607,通过,NA
3608,通过,NA
3609,通过,NA
3610,通过,NA
3611,通过,NA
3612,通过,NA
3613,通过,NA
3614,通过,NA
3615,拒绝,存在政治敏感不合规
3616,通过,NA
3617,拒绝,存在政治敏感不合规
3618,通过,NA
3619,拒绝,疑似存在政治敏感不合规
3620,通过,NA
3621,通过,NA
3622,通过,NA
3623,通过,NA
3624,通过,NA
3625,通过,NA
3626,通过,NA
3627,拒绝,存在政治敏感不合规
3628,通过,NA
3629,通过,NA
3630,通过,NA
3631,通过,NA
3632,通过,NA
3633,通过,NA
3634,通过,NA
3635,通过,NA
3636,通过,NA
3637,拒绝,存在政治敏感不合规
3638,通过,NA
3639,拒绝,疑似存在政治敏感不合规
3640,拒绝,疑似存在政治敏感不合规
3641,通过,NA
3642,通过,NA
3643,通过,NA
3644,通过,NA
3645,通过,NA
3646,拒绝,疑似存在政治敏感不合规
3647,通过,NA
3648,通过,NA
3649,通过,NA
3650,拒绝,存在政治敏感不合规
3651,拒绝,存在政治敏感不合规
3652,通过,NA
3653,通过,NA
3654,通过,NA
3655,拒绝,疑似存在政治敏感不合规
3656,通过,NA
3657,通过,NA
3658,通过,NA
3659,通过,NA
3660,通过,NA
3661,通过,NA
3662,拒绝,存在政治敏感不合规
3663,通过,NA
3664,拒绝,存在政治敏感不合规
3665,通过,NA
3666,拒绝,存在政治敏感不合规
3667,通过,NA
3668,拒绝,存在政治敏感不合规
3669,通过,NA
3670,通过,NA
3671,通过,NA
3672,通过,NA
3673,通过,NA
3674,通过,NA
3675,通过,NA
3676,拒绝,存在政治敏感不合规
3677,通过,NA
3678,通过,NA
3679,通过,NA
3680,拒绝,存在政治敏感不合规
3681,通过,NA
3682,拒绝,存在恶意推广不合规
3683,拒绝,存在政治敏感不合规
3684,通过,NA
3685,拒绝,存在政治敏感不合规
3686,通过,NA
3687,通过,NA
3688,拒绝,存在文本色情不合规
3689,拒绝,存在暴恐违禁不合规
3690,通过,NA
3691,通过,NA
3692,通过,NA
3693,通过,NA
3694,通过,NA
3695,通过,NA
3696,通过,NA
3697,通过,NA
3698,通过,NA
3699,通过,NA
3700,通过,NA
3701,通过,NA
3702,通过,NA
3703,通过,NA
3704,通过,NA
3705,拒绝,存在政治敏感不合规
3706,通过,NA
3707,通过,NA
3708,拒绝,疑似存在政治敏感不合规
3709,通过,NA
3710,通过,NA
3711,通过,NA
3712,通过,NA
3713,通过,NA
3714,通过,NA
3715,通过,NA
3716,通过,NA
3717,通过,NA
3718,通过,NA
3719,通过,NA
3720,拒绝,存在百度官方默认违禁词库不合规
3721,通过,NA
3722,通过,NA
3723,通过,NA
3724,通过,NA
3725,通过,NA
3726,通过,NA
3727,拒绝,存在政治敏感不合规
3728,通过,NA
3729,通过,NA
3730,通过,NA
3731,通过,NA
3732,通过,NA
3733,拒绝,存在政治敏感不合规
3734,拒绝,存在政治敏感不合规
3735,通过,NA
3736,通过,NA
3737,拒绝,存在政治敏感不合规
3738,通过,NA
3739,通过,NA
3740,拒绝,存在政治敏感不合规
3741,通过,NA
3742,通过,NA
3743,通过,NA
3744,拒绝,疑似存在政治敏感不合规
3745,拒绝,存在恶意推广不合规
3746,拒绝,疑似存在政治敏感不合规
3747,通过,NA
3748,通过,NA
3749,通过,NA
3750,通过,NA
3751,通过,NA
3752,通过,NA
3753,通过,NA
3754,通过,NA
3755,通过,NA
3756,通过,NA
3757,通过,NA
3758,通过,NA
3759,通过,NA
3760,通过,NA
3761,通过,NA
3762,通过,NA
3763,通过,NA
3764,通过,NA
3765,通过,NA
3766,通过,NA
3767,拒绝,存在政治敏感不合规
3768,拒绝,存在政治敏感不合规
3769,通过,NA
3770,通过,NA
3771,通过,NA
3772,通过,NA
3773,通过,NA
3774,通过,NA
3775,通过,NA
3776,拒绝,疑似存在政治敏感不合规
3777,拒绝,存在恶意推广不合规
3778,通过,NA
3779,通过,NA
3780,拒绝,存在政治敏感不合规
3781,通过,NA
3782,通过,NA
3783,通过,NA
3784,通过,NA
3785,拒绝,存在政治敏感不合规
3786,通过,NA
3787,通过,NA
3788,通过,NA
3789,通过,NA
3790,通过,NA
3791,通过,NA
3792,拒绝,存在政治敏感不合规
3793,通过,NA
3794,通过,NA
3795,通过,NA
3796,通过,NA
3797,通过,NA
3798,拒绝,存在政治敏感不合规
3799,通过,NA
3800,通过,NA
3801,通过,NA
3802,拒绝,存在暴恐违禁不合规
3803,通过,NA
3804,通过,NA
3805,通过,NA
3806,通过,NA
3807,通过,NA
3808,拒绝,存在政治敏感不合规
3809,通过,NA
3810,通过,NA
3811,通过,NA
3812,拒绝,存在文本色情不合规
3813,通过,NA
3814,通过,NA
3815,通过,NA
3816,通过,NA
3817,通过,NA
3818,通过,NA
3819,通过,NA
3820,拒绝,疑似存在政治敏感不合规
3821,拒绝,存在政治敏感不合规
3822,通过,NA
3823,拒绝,疑似存在政治敏感不合规
3824,通过,NA
3825,通过,NA
3826,通过,NA
3827,通过,NA
3828,通过,NA
3829,通过,NA
3830,通过,NA
3831,通过,NA
3832,通过,NA
3833,通过,NA
3834,通过,NA
3835,通过,NA
3836,通过,NA
3837,通过,NA
3838,拒绝,疑似存在政治敏感不合规
3839,拒绝,存在暴恐违禁不合规
3840,通过,NA
3841,拒绝,疑似存在政治敏感不合规
3842,通过,NA
3843,通过,NA
3844,通过,NA
3845,通过,NA
3846,通过,NA
3847,通过,NA
3848,通过,NA
3849,通过,NA
3850,通过,NA
3851,通过,NA
3852,通过,NA
3853,通过,NA
3854,通过,NA
3855,通过,NA
3856,通过,NA
3857,通过,NA
3858,拒绝,存在文本色情不合规;存在低俗辱骂不合规
3859,通过,NA
3860,拒绝,存在政治敏感不合规
3861,拒绝,存在低俗辱骂不合规
3862,通过,NA
3863,通过,NA
3864,拒绝,疑似存在政治敏感不合规
3865,拒绝,存在恶意推广不合规
3866,通过,NA
3867,通过,NA
3868,通过,NA
3869,通过,NA
3870,拒绝,存在文本色情不合规
3871,通过,NA
3872,拒绝,疑似存在政治敏感不合规
3873,拒绝,存在政治敏感不合规
3874,通过,NA
3875,通过,NA
3876,通过,NA
3877,通过,NA
3878,通过,NA
3879,拒绝,存在恶意推广不合规
3880,拒绝,疑似存在政治敏感不合规
3881,通过,NA
3882,通过,NA
3883,通过,NA
3884,通过,NA
3885,通过,NA
3886,通过,NA
3887,通过,NA
3888,拒绝,疑似存在政治敏感不合规
3889,通过,NA
3890,通过,NA
3891,拒绝,存在文本色情不合规
3892,通过,NA
3893,通过,NA
3894,通过,NA
3895,通过,NA
3896,通过,NA
3897,通过,NA
3898,通过,NA
3899,通过,NA
3900,拒绝,存在政治敏感不合规
3901,通过,NA
3902,拒绝,存在政治敏感不合规
3903,通过,NA
3904,通过,NA
3905,拒绝,存在政治敏感不合规
3906,通过,NA
3907,通过,NA
3908,通过,NA
3909,通过,NA
3910,通过,NA
3911,通过,NA
3912,通过,NA
3913,通过,NA
3914,通过,NA
3915,通过,NA
3916,通过,NA
3917,拒绝,疑似存在政治敏感不合规
3918,通过,NA
3919,拒绝,存在政治敏感不合规
3920,通过,NA
3921,通过,NA
3922,通过,NA
3923,拒绝,存在政治敏感不合规
3924,通过,NA
3925,通过,NA
3926,通过,NA
3927,通过,NA
3928,通过,NA
3929,通过,NA
3930,通过,NA
3931,通过,NA
3932,拒绝,存在政治敏感不合规
3933,通过,NA
3934,通过,NA
3935,通过,NA
3936,拒绝,存在政治敏感不合规
3937,拒绝,存在政治敏感不合规
3938,通过,NA
3939,通过,NA
3940,通过,NA
3941,通过,NA
3942,通过,NA
3943,通过,NA
3944,通过,NA
3945,通过,NA
3946,拒绝,存在政治敏感不合规
3947,通过,NA
3948,通过,NA
3949,通过,NA
3950,通过,NA
3951,通过,NA
3952,拒绝,存在政治敏感不合规
3953,通过,NA
3954,通过,NA
3955,拒绝,存在政治敏感不合规
3956,通过,NA
3957,通过,NA
3958,通过,NA
3959,通过,NA
3960,通过,NA
3961,通过,NA
3962,通过,NA
3963,通过,NA
3964,通过,NA
3965,通过,NA
3966,通过,NA
3967,通过,NA
3968,通过,NA
3969,拒绝,疑似存在政治敏感不合规
3970,通过,NA
3971,通过,NA
3972,拒绝,疑似存在政治敏感不合规
3973,拒绝,存在政治敏感不合规
3974,通过,NA
3975,通过,NA
3976,通过,NA
3977,通过,NA
3978,通过,NA
3979,通过,NA
3980,通过,NA
3981,拒绝,存在政治敏感不合规
3982,通过,NA
3983,通过,NA
3984,拒绝,存在政治敏感不合规
3985,拒绝,疑似存在政治敏感不合规
3986,通过,NA
3987,通过,NA
3988,通过,NA
3989,通过,NA
3990,拒绝,存在政治敏感不合规
3991,拒绝,存在政治敏感不合规
3992,通过,NA
3993,通过,NA
3994,通过,NA
3995,通过,NA
3996,拒绝,存在政治敏感不合规
3997,通过,NA
3998,通过,NA
3999,拒绝,存在文本色情不合规
4000,通过,NA
4001,通过,NA
4002,通过,NA
4003,拒绝,存在低俗辱骂不合规
4004,通过,NA
4005,拒绝,存在政治敏感不合规
4006,通过,NA
4007,通过,NA
4008,通过,NA
4009,通过,NA
4010,通过,NA
4011,通过,NA
4012,通过,NA
4013,通过,NA
4014,拒绝,存在政治敏感不合规
4015,拒绝,存在政治敏感不合规
4016,通过,NA
4017,通过,NA
4018,拒绝,存在政治敏感不合规
4019,通过,NA
4020,通过,NA
4021,通过,NA
4022,通过,NA
4023,拒绝,疑似存在政治敏感不合规
4024,通过,NA
4025,拒绝,疑似存在文本色情不合规
4026,拒绝,疑似存在政治敏感不合规
4027,通过,NA
4028,拒绝,疑似存在政治敏感不合规
4029,拒绝,存在恶意推广不合规
4030,通过,NA
4031,通过,NA
4032,通过,NA
4033,通过,NA
4034,通过,NA
4035,通过,NA
4036,通过,NA
4037,通过,NA
4038,通过,NA
4039,通过,NA
4040,通过,NA
4041,通过,NA
4042,通过,NA
4043,通过,NA
4044,通过,NA
4045,通过,NA
4046,拒绝,存在政治敏感不合规
4047,通过,NA
4048,通过,NA
4049,通过,NA
4050,拒绝,存在政治敏感不合规
4051,拒绝,疑似存在政治敏感不合规
4052,通过,NA
4053,通过,NA
4054,通过,NA
4055,通过,NA
4056,拒绝,存在政治敏感不合规
4057,拒绝,存在政治敏感不合规
4058,通过,NA
4059,通过,NA
4060,通过,NA
4061,通过,NA
4062,拒绝,存在恶意推广不合规
4063,拒绝,存在文本色情不合规
4064,通过,NA
4065,通过,NA
4066,通过,NA
4067,通过,NA
4068,通过,NA
4069,通过,NA
4070,拒绝,存在政治敏感不合规
4071,通过,NA
4072,通过,NA
4073,通过,NA
4074,拒绝,疑似存在政治敏感不合规
4075,通过,NA
4076,通过,NA
4077,通过,NA
4078,通过,NA
4079,通过,NA
4080,通过,NA
4081,拒绝,存在政治敏感不合规
4082,通过,NA
4083,拒绝,疑似存在政治敏感不合规
4084,通过,NA
4085,通过,NA
4086,拒绝,存在政治敏感不合规
4087,拒绝,存在政治敏感不合规
4088,通过,NA
4089,拒绝,存在文本色情不合规
4090,拒绝,存在暴恐违禁不合规
4091,通过,NA
4092,通过,NA
4093,通过,NA
4094,通过,NA
4095,通过,NA
4096,通过,NA
4097,通过,NA
4098,拒绝,存在政治敏感不合规
4099,通过,NA
4100,通过,NA
4101,通过,NA
4102,通过,NA
4103,通过,NA
4104,通过,NA
4105,通过,NA
4106,拒绝,存在政治敏感不合规
4107,拒绝,疑似存在政治敏感不合规
4108,通过,NA
4109,拒绝,疑似存在政治敏感不合规
4110,通过,NA
4111,通过,NA
4112,通过,NA
4113,通过,NA
4114,拒绝,存在政治敏感不合规
4115,通过,NA
4116,拒绝,存在政治敏感不合规
4117,拒绝,存在恶意推广不合规
4118,通过,NA
4119,通过,NA
4120,通过,NA
4121,拒绝,存在政治敏感不合规
4122,通过,NA
4123,通过,NA
4124,拒绝,存在恶意推广不合规
4125,通过,NA
4126,拒绝,疑似存在政治敏感不合规
4127,通过,NA
4128,通过,NA
4129,通过,NA
4130,通过,NA
4131,通过,NA
4132,通过,NA
4133,拒绝,存在政治敏感不合规
4134,通过,NA
4135,拒绝,存在恶意推广不合规
4136,拒绝,疑似存在政治敏感不合规
4137,通过,NA
4138,拒绝,存在政治敏感不合规
4139,通过,NA
4140,拒绝,存在政治敏感不合规
4141,通过,NA
4142,通过,NA
4143,通过,NA
4144,通过,NA
4145,通过,NA
4146,通过,NA
4147,通过,NA
4148,通过,NA
4149,通过,NA
4150,通过,NA
4151,通过,NA
4152,通过,NA
4153,通过,NA
4154,拒绝,存在政治敏感不合规
4155,通过,NA
4156,拒绝,存在政治敏感不合规
4157,拒绝,存在政治敏感不合规
4158,通过,NA
4159,拒绝,存在政治敏感不合规
4160,通过,NA
4161,通过,NA
4162,通过,NA
4163,拒绝,疑似存在政治敏感不合规
4164,通过,NA
4165,通过,NA
4166,通过,NA
4167,通过,NA
4168,通过,NA
4169,通过,NA
4170,通过,NA
4171,通过,NA
4172,通过,NA
4173,通过,NA
4174,拒绝,疑似存在政治敏感不合规
4175,通过,NA
4176,拒绝,存在恶意推广不合规
4177,通过,NA
4178,通过,NA
4179,拒绝,存在文本色情不合规
4180,拒绝,存在恶意推广不合规
4181,通过,NA
4182,通过,NA
4183,通过,NA
4184,通过,NA
4185,拒绝,存在政治敏感不合规
4186,通过,NA
4187,通过,NA
4188,通过,NA
4189,通过,NA
4190,拒绝,存在政治敏感不合规
4191,通过,NA
4192,通过,NA
4193,通过,NA
4194,通过,NA
4195,通过,NA
4196,通过,NA
4197,拒绝,疑似存在政治敏感不合规
4198,拒绝,存在政治敏感不合规
4199,通过,NA
4200,通过,NA
4201,通过,NA
4202,拒绝,存在政治敏感不合规
4203,通过,NA
4204,拒绝,疑似存在政治敏感不合规
4205,拒绝,疑似存在政治敏感不合规
4206,通过,NA
4207,通过,NA
4208,通过,NA
4209,通过,NA
4210,通过,NA
4211,通过,NA
4212,拒绝,存在恶意推广不合规
4213,通过,NA
4214,通过,NA
4215,通过,NA
4216,通过,NA
4217,通过,NA
4218,拒绝,疑似存在政治敏感不合规
4219,通过,NA
4220,通过,NA
4221,通过,NA
4222,拒绝,存在政治敏感不合规
4223,通过,NA
4224,通过,NA
4225,通过,NA
4226,通过,NA
4227,通过,NA
4228,通过,NA
4229,通过,NA
4230,通过,NA
4231,通过,NA
4232,通过,NA
4233,通过,NA
4234,通过,NA
4235,通过,NA
4236,通过,NA
4237,通过,NA
4238,拒绝,疑似存在政治敏感不合规
4239,通过,NA
4240,通过,NA
4241,通过,NA
4242,通过,NA
4243,拒绝,存在恶意推广不合规
4244,拒绝,存在政治敏感不合规
4245,拒绝,存在政治敏感不合规
4246,通过,NA
4247,通过,NA
4248,拒绝,存在政治敏感不合规
4249,通过,NA
4250,通过,NA
4251,通过,NA
4252,拒绝,疑似存在政治敏感不合规
4253,拒绝,疑似存在政治敏感不合规
4254,通过,NA
4255,通过,NA
4256,通过,NA
4257,通过,NA
4258,通过,NA
4259,通过,NA
4260,通过,NA
4261,通过,NA
4262,通过,NA
4263,通过,NA
4264,通过,NA
4265,通过,NA
4266,通过,NA
4267,通过,NA
4268,拒绝,疑似存在政治敏感不合规
4269,通过,NA
4270,通过,NA
4271,通过,NA
4272,通过,NA
4273,通过,NA
4274,通过,NA
4275,通过,NA
4276,通过,NA
4277,拒绝,疑似存在政治敏感不合规
4278,拒绝,疑似存在政治敏感不合规
4279,通过,NA
4280,通过,NA
4281,通过,NA
4282,通过,NA
4283,通过,NA
4284,通过,NA
4285,通过,NA
4286,通过,NA
4287,通过,NA
4288,通过,NA
4289,通过,NA
4290,通过,NA
4291,通过,NA
4292,通过,NA
4293,通过,NA
4294,通过,NA
4295,通过,NA
4296,通过,NA
4297,通过,NA
4298,通过,NA
4299,拒绝,存在政治敏感不合规
4300,通过,NA
4301,通过,NA
4302,通过,NA
4303,拒绝,存在政治敏感不合规
4304,拒绝,存在政治敏感不合规
4305,通过,NA
4306,通过,NA
4307,通过,NA
4308,拒绝,存在恶意推广不合规
4309,通过,NA
4310,通过,NA
4311,拒绝,存在政治敏感不合规
4312,拒绝,存在政治敏感不合规
4313,通过,NA
4314,通过,NA
4315,拒绝,存在恶意推广不合规
4316,通过,NA
4317,通过,NA
4318,通过,NA
4319,通过,NA
4320,通过,NA
4321,拒绝,存在政治敏感不合规
4322,通过,NA
4323,拒绝,疑似存在政治敏感不合规
4324,通过,NA
4325,拒绝,存在政治敏感不合规
4326,通过,NA
4327,通过,NA
4328,通过,NA
4329,通过,NA
4330,通过,NA
4331,通过,NA
4332,通过,NA
4333,通过,NA
4334,通过,NA
4335,拒绝,疑似存在政治敏感不合规
4336,通过,NA
4337,拒绝,存在政治敏感不合规
4338,通过,NA
4339,通过,NA
4340,通过,NA
4341,通过,NA
4342,通过,NA
4343,拒绝,存在政治敏感不合规
4344,通过,NA
4345,通过,NA
4346,通过,NA
4347,通过,NA
4348,通过,NA
4349,通过,NA
4350,通过,NA
4351,通过,NA
4352,通过,NA
4353,通过,NA
4354,拒绝,存在恶意推广不合规
4355,拒绝,存在政治敏感不合规
4356,拒绝,存在政治敏感不合规
4357,拒绝,疑似存在政治敏感不合规
4358,通过,NA
4359,通过,NA
4360,通过,NA
4361,拒绝,疑似存在政治敏感不合规
4362,通过,NA
4363,通过,NA
4364,通过,NA
4365,通过,NA
4366,通过,NA
4367,通过,NA
4368,通过,NA
4369,通过,NA
4370,通过,NA
4371,通过,NA
4372,通过,NA
4373,通过,NA
4374,通过,NA
4375,拒绝,疑似存在政治敏感不合规
4376,拒绝,疑似存在政治敏感不合规
4377,通过,NA
4378,通过,NA
4379,拒绝,疑似存在政治敏感不合规
4380,通过,NA
4381,通过,NA
4382,拒绝,存在政治敏感不合规
4383,通过,NA
4384,通过,NA
4385,拒绝,存在政治敏感不合规
4386,通过,NA
4387,通过,NA
4388,通过,NA
4389,拒绝,存在政治敏感不合规
4390,通过,NA
4391,通过,NA
4392,通过,NA
4393,通过,NA
4394,通过,NA
4395,通过,NA
4396,拒绝,疑似存在政治敏感不合规
4397,通过,NA
4398,通过,NA
4399,通过,NA
4400,通过,NA
4401,通过,NA
4402,通过,NA
4403,通过,NA
4404,拒绝,存在政治敏感不合规
4405,通过,NA
4406,通过,NA
4407,通过,NA
4408,通过,NA
4409,拒绝,疑似存在政治敏感不合规
4410,拒绝,存在政治敏感不合规
4411,通过,NA
4412,通过,NA
4413,拒绝,存在政治敏感不合规
4414,通过,NA
4415,拒绝,存在政治敏感不合规
4416,拒绝,存在政治敏感不合规
4417,通过,NA
4418,通过,NA
4419,通过,NA
4420,通过,NA
4421,通过,NA
4422,通过,NA
4423,通过,NA
4424,通过,NA
4425,通过,NA
4426,通过,NA
4427,拒绝,存在政治敏感不合规
4428,通过,NA
4429,通过,NA
4430,通过,NA
4431,通过,NA
4432,通过,NA
4433,拒绝,疑似存在政治敏感不合规
4434,通过,NA
4435,通过,NA
4436,通过,NA
4437,通过,NA
4438,通过,NA
4439,拒绝,存在政治敏感不合规
4440,通过,NA
4441,通过,NA
4442,拒绝,存在政治敏感不合规
4443,通过,NA
4444,通过,NA
4445,通过,NA
4446,通过,NA
4447,通过,NA
4448,通过,NA
4449,拒绝,存在文本色情不合规
4450,通过,NA
4451,通过,NA
4452,通过,NA
4453,通过,NA
4454,通过,NA
4455,拒绝,存在政治敏感不合规
4456,通过,NA
4457,拒绝,疑似存在政治敏感不合规
4458,通过,NA
4459,通过,NA
4460,通过,NA
4461,通过,NA
4462,通过,NA
4463,通过,NA
4464,通过,NA
4465,通过,NA
4466,通过,NA
4467,通过,NA
4468,拒绝,存在政治敏感不合规
4469,通过,NA
4470,通过,NA
4471,拒绝,存在政治敏感不合规
4472,通过,NA
4473,拒绝,存在政治敏感不合规
4474,通过,NA
4475,通过,NA
4476,通过,NA
4477,通过,NA
4478,通过,NA
4479,拒绝,存在政治敏感不合规
4480,通过,NA
4481,通过,NA
4482,通过,NA
4483,拒绝,存在文本色情不合规
4484,拒绝,存在政治敏感不合规
4485,拒绝,存在政治敏感不合规
4486,通过,NA
4487,通过,NA
4488,通过,NA
4489,通过,NA
4490,通过,NA
4491,通过,NA
4492,通过,NA
4493,拒绝,存在政治敏感不合规
4494,通过,NA
4495,通过,NA
4496,通过,NA
4497,通过,NA
4498,通过,NA
4499,通过,NA
4500,拒绝,存在政治敏感不合规
4501,通过,NA
4502,拒绝,存在政治敏感不合规
4503,通过,NA
4504,通过,NA
4505,通过,NA
4506,通过,NA
4507,拒绝,存在恶意推广不合规
4508,拒绝,存在恶意推广不合规
4509,拒绝,疑似存在政治敏感不合规
4510,通过,NA
4511,拒绝,存在恶意推广不合规
4512,通过,NA
4513,通过,NA
4514,通过,NA
4515,拒绝,存在政治敏感不合规
4516,通过,NA
4517,拒绝,存在政治敏感不合规
4518,通过,NA
4519,拒绝,疑似存在政治敏感不合规
4520,通过,NA
4521,通过,NA
4522,通过,NA
4523,通过,NA
4524,通过,NA
4525,通过,NA
4526,拒绝,存在政治敏感不合规
4527,拒绝,存在政治敏感不合规
4528,通过,NA
4529,通过,NA
4530,拒绝,疑似存在政治敏感不合规
4531,通过,NA
4532,拒绝,存在政治敏感不合规
4533,拒绝,疑似存在政治敏感不合规
4534,通过,NA
4535,通过,NA
4536,通过,NA
4537,拒绝,疑似存在政治敏感不合规
4538,通过,NA
4539,通过,NA
4540,通过,NA
4541,通过,NA
4542,通过,NA
4543,通过,NA
4544,拒绝,存在恶意推广不合规
4545,通过,NA
4546,拒绝,存在恶意推广不合规
4547,通过,NA
4548,通过,NA
4549,通过,NA
4550,通过,NA
4551,通过,NA
4552,通过,NA
4553,通过,NA
4554,通过,NA
4555,通过,NA
4556,通过,NA
4557,通过,NA
4558,通过,NA
4559,通过,NA
4560,拒绝,疑似存在政治敏感不合规
4561,通过,NA
4562,拒绝,存在恶意推广不合规
4563,通过,NA
4564,通过,NA
4565,拒绝,存在恶意推广不合规
4566,通过,NA
4567,拒绝,存在政治敏感不合规
4568,通过,NA
4569,通过,NA
4570,通过,NA
4571,拒绝,存在政治敏感不合规
4572,通过,NA
4573,通过,NA
4574,拒绝,存在政治敏感不合规
4575,通过,NA
4576,拒绝,疑似存在政治敏感不合规
4577,拒绝,存在政治敏感不合规
4578,拒绝,存在政治敏感不合规
4579,通过,NA
4580,通过,NA
4581,通过,NA
4582,拒绝,疑似存在政治敏感不合规
4583,通过,NA
4584,通过,NA
4585,通过,NA
4586,通过,NA
4587,通过,NA
4588,通过,NA
4589,通过,NA
4590,拒绝,存在政治敏感不合规
4591,通过,NA
4592,通过,NA
4593,通过,NA
4594,拒绝,存在政治敏感不合规
4595,通过,NA
4596,通过,NA
4597,通过,NA
4598,拒绝,存在政治敏感不合规
4599,通过,NA
4600,通过,NA
4601,拒绝,疑似存在政治敏感不合规
4602,通过,NA
4603,通过,NA
4604,通过,NA
4605,拒绝,存在恶意推广不合规
4606,通过,NA
4607,拒绝,存在恶意推广不合规
4608,通过,NA
4609,通过,NA
4610,通过,NA
4611,拒绝,疑似存在政治敏感不合规
4612,通过,NA
4613,通过,NA
4614,通过,NA
4615,通过,NA
4616,通过,NA
4617,通过,NA
4618,拒绝,存在政治敏感不合规
4619,通过,NA
4620,通过,NA
4621,拒绝,存在政治敏感不合规
4622,通过,NA
4623,通过,NA
4624,通过,NA
4625,通过,NA
4626,通过,NA
4627,通过,NA
4628,拒绝,存在政治敏感不合规
4629,通过,NA
4630,拒绝,存在政治敏感不合规
4631,拒绝,疑似存在政治敏感不合规
4632,通过,NA
4633,通过,NA
4634,通过,NA
4635,拒绝,存在政治敏感不合规
4636,拒绝,存在政治敏感不合规
4637,通过,NA
4638,通过,NA
4639,拒绝,疑似存在政治敏感不合规
4640,通过,NA
4641,通过,NA
4642,通过,NA
4643,拒绝,存在文本色情不合规
4644,拒绝,存在政治敏感不合规
4645,通过,NA
4646,拒绝,存在政治敏感不合规
4647,通过,NA
4648,拒绝,存在政治敏感不合规
4649,通过,NA
4650,通过,NA
4651,通过,NA
4652,通过,NA
4653,通过,NA
4654,通过,NA
4655,通过,NA
4656,通过,NA
4657,通过,NA
4658,通过,NA
4659,通过,NA
4660,通过,NA
4661,通过,NA
4662,通过,NA
4663,通过,NA
4664,通过,NA
4665,通过,NA
4666,拒绝,存在政治敏感不合规
4667,通过,NA
4668,拒绝,疑似存在政治敏感不合规
4669,通过,NA
4670,通过,NA
4671,通过,NA
4672,通过,NA
4673,通过,NA
4674,通过,NA
4675,通过,NA
4676,拒绝,疑似存在政治敏感不合规
4677,拒绝,存在政治敏感不合规
4678,拒绝,疑似存在政治敏感不合规
4679,拒绝,存在政治敏感不合规
4680,通过,NA
4681,通过,NA
4682,拒绝,存在文本色情不合规
4683,通过,NA
4684,通过,NA
4685,通过,NA
4686,通过,NA
4687,通过,NA
4688,通过,NA
4689,通过,NA
4690,通过,NA
4691,通过,NA
4692,通过,NA
4693,通过,NA
4694,通过,NA
4695,通过,NA
4696,拒绝,存在政治敏感不合规
4697,通过,NA
4698,通过,NA
4699,通过,NA
4700,通过,NA
4701,通过,NA
4702,通过,NA
4703,通过,NA
4704,通过,NA
4705,通过,NA
4706,通过,NA
4707,拒绝,存在恶意推广不合规
4708,通过,NA
4709,通过,NA
4710,通过,NA
4711,拒绝,存在暴恐违禁不合规
4712,通过,NA
4713,拒绝,存在文本色情不合规
4714,通过,NA
4715,通过,NA
4716,通过,NA
4717,通过,NA
4718,通过,NA
4719,通过,NA
4720,通过,NA
4721,通过,NA
4722,通过,NA
4723,通过,NA
4724,通过,NA
4725,通过,NA
4726,通过,NA
4727,通过,NA
4728,拒绝,疑似存在政治敏感不合规
4729,通过,NA
4730,通过,NA
4731,通过,NA
4732,通过,NA
4733,通过,NA
4734,通过,NA
4735,拒绝,疑似存在政治敏感不合规
4736,拒绝,存在政治敏感不合规
4737,通过,NA
4738,通过,NA
4739,拒绝,疑似存在政治敏感不合规
4740,通过,NA
4741,通过,NA
4742,拒绝,疑似存在政治敏感不合规
4743,通过,NA
4744,通过,NA
4745,通过,NA
4746,通过,NA
4747,拒绝,疑似存在政治敏感不合规
4748,通过,NA
4749,通过,NA
4750,通过,NA
4751,通过,NA
4752,拒绝,疑似存在政治敏感不合规
4753,通过,NA
4754,通过,NA
4755,拒绝,疑似存在政治敏感不合规
4756,通过,NA
4757,通过,NA
4758,通过,NA
4759,通过,NA
4760,通过,NA
4761,通过,NA
4762,拒绝,疑似存在政治敏感不合规
4763,通过,NA
4764,通过,NA
4765,拒绝,存在文本色情不合规
4766,通过,NA
4767,通过,NA
4768,通过,NA
4769,通过,NA
4770,拒绝,存在政治敏感不合规;存在恶意推广不合规
4771,拒绝,存在政治敏感不合规
4772,通过,NA
4773,通过,NA
4774,通过,NA
4775,通过,NA
4776,拒绝,存在政治敏感不合规
4777,拒绝,存在政治敏感不合规
4778,通过,NA
4779,拒绝,疑似存在政治敏感不合规
4780,拒绝,疑似存在政治敏感不合规
4781,通过,NA
4782,通过,NA
4783,通过,NA
4784,通过,NA
4785,通过,NA
4786,通过,NA
4787,通过,NA
4788,拒绝,存在政治敏感不合规
4789,通过,NA
4790,拒绝,存在百度官方默认违禁词库不合规
4791,通过,NA
4792,通过,NA
4793,拒绝,存在政治敏感不合规
4794,通过,NA
4795,通过,NA
4796,通过,NA
4797,通过,NA
4798,通过,NA
4799,通过,NA
4800,通过,NA
4801,通过,NA
4802,通过,NA
4803,拒绝,存在政治敏感不合规
4804,通过,NA
4805,拒绝,存在文本色情不合规
4806,通过,NA
4807,通过,NA
4808,通过,NA
4809,通过,NA
4810,通过,NA
4811,通过,NA
4812,通过,NA
4813,拒绝,存在暴恐违禁不合规
4814,拒绝,存在文本色情不合规
4815,通过,NA
4816,通过,NA
4817,通过,NA
4818,通过,NA
4819,通过,NA
4820,通过,NA
4821,通过,NA
4822,拒绝,疑似存在政治敏感不合规
4823,通过,NA
4824,通过,NA
4825,通过,NA
4826,拒绝,存在政治敏感不合规
4827,通过,NA
4828,通过,NA
4829,通过,NA
4830,通过,NA
4831,通过,NA
4832,通过,NA
4833,通过,NA
4834,通过,NA
4835,通过,NA
4836,通过,NA
4837,通过,NA
4838,通过,NA
4839,通过,NA
4840,通过,NA
4841,通过,NA
4842,通过,NA
4843,拒绝,存在政治敏感不合规
4844,拒绝,存在政治敏感不合规
4845,通过,NA
4846,通过,NA
4847,通过,NA
4848,拒绝,存在恶意推广不合规
4849,通过,NA
4850,通过,NA
4851,通过,NA
4852,通过,NA
4853,通过,NA
4854,通过,NA
4855,通过,NA
4856,通过,NA
4857,通过,NA
4858,通过,NA
4859,通过,NA
4860,通过,NA
4861,通过,NA
4862,通过,NA
4863,通过,NA
4864,通过,NA
4865,通过,NA
4866,通过,NA
4867,通过,NA
4868,通过,NA
4869,通过,NA
4870,拒绝,存在政治敏感不合规
4871,拒绝,存在政治敏感不合规
4872,通过,NA
4873,通过,NA
4874,通过,NA
4875,通过,NA
4876,拒绝,存在政治敏感不合规
4877,通过,NA
4878,通过,NA
4879,拒绝,存在政治敏感不合规
4880,通过,NA
4881,拒绝,存在政治敏感不合规
4882,通过,NA
4883,通过,NA
4884,拒绝,存在政治敏感不合规
4885,通过,NA
4886,拒绝,存在政治敏感不合规
4887,通过,NA
4888,通过,NA
4889,通过,NA
4890,通过,NA
4891,拒绝,疑似存在政治敏感不合规
4892,通过,NA
4893,通过,NA
4894,通过,NA
4895,通过,NA
4896,拒绝,存在政治敏感不合规
4897,通过,NA
4898,通过,NA
4899,通过,NA
4900,拒绝,存在恶意推广不合规
4901,通过,NA
4902,通过,NA
4903,通过,NA
4904,通过,NA
4905,通过,NA
4906,通过,NA
4907,通过,NA
4908,通过,NA
4909,通过,NA
4910,拒绝,存在百度官方默认违禁词库不合规;存在政治敏感不合规
4911,通过,NA
4912,通过,NA
4913,通过,NA
4914,通过,NA
4915,通过,NA
4916,通过,NA
4917,通过,NA
4918,拒绝,存在政治敏感不合规
4919,通过,NA
4920,通过,NA
4921,通过,NA
4922,通过,NA
4923,通过,NA
4924,通过,NA
4925,通过,NA
4926,通过,NA
4927,通过,NA
4928,通过,NA
4929,通过,NA
4930,通过,NA
4931,通过,NA
4932,通过,NA
4933,通过,NA
4934,通过,NA
4935,拒绝,存在政治敏感不合规
4936,通过,NA
4937,拒绝,存在政治敏感不合规
4938,通过,NA
4939,通过,NA
4940,通过,NA
4941,通过,NA
4942,通过,NA
4943,通过,NA
4944,通过,NA
4945,通过,NA
4946,通过,NA
4947,拒绝,存在政治敏感不合规
4948,通过,NA
4949,通过,NA
4950,拒绝,存在政治敏感不合规
4951,通过,NA
4952,通过,NA
4953,拒绝,疑似存在政治敏感不合规
4954,通过,NA
4955,通过,NA
4956,拒绝,疑似存在政治敏感不合规
4957,通过,NA
4958,拒绝,疑似存在政治敏感不合规
4959,通过,NA
4960,拒绝,存在文本色情不合规
4961,通过,NA
4962,通过,NA
4963,拒绝,存在政治敏感不合规
4964,通过,NA
4965,通过,NA
4966,通过,NA
4967,通过,NA
4968,通过,NA
4969,通过,NA
4970,拒绝,存在政治敏感不合规
4971,通过,NA
4972,通过,NA
4973,通过,NA
4974,拒绝,疑似存在政治敏感不合规
4975,通过,NA
4976,通过,NA
4977,通过,NA
4978,通过,NA
4979,通过,NA
4980,拒绝,存在政治敏感不合规
4981,通过,NA
4982,通过,NA
4983,通过,NA
4984,通过,NA
4985,通过,NA
4986,拒绝,存在政治敏感不合规
4987,通过,NA
4988,通过,NA
4989,通过,NA
4990,通过,NA
4991,拒绝,存在政治敏感不合规
4992,通过,NA
4993,通过,NA
4994,拒绝,存在政治敏感不合规
4995,通过,NA
4996,通过,NA
4997,通过,NA
4998,拒绝,存在政治敏感不合规
4999,通过,NA
